ID	FORM	GLOSS	GLOSS_IN_SOURCE	OCCURRENCE	REF
1	ɦɑ	INT	INT	360	15:0:0 23:0:0 47:0:0 52:0:0 60:3:0 72:0:0 89:0:0 99:0:0 107:2:0 136:0:0 157:0:0 172:0:0 178:0:0 179:2:0 186:0:0 195:0:0 205:2:0 210:0:0 215:0:0 218:0:0 243:0:0 253:0:0 268:0:0 279:0:0 287:0:0 294:1:0 298:1:0 301:0:0 301:2:0 303:0:0 324:0:0 332:0:0 333:0:0 347:0:0 350:0:0 356:0:0 361:1:0 372:1:0 373:0:0 375:9:0 380:0:0 380:5:0 381:0:0 388:0:0 389:1:0 390:0:0 390:4:0 392:1:0 393:0:0 396:3:0 397:0:0 406:0:0 408:0:0 408:1:0 409:0:0 410:0:0 424:4:0 426:0:0 426:2:0 427:0:0 429:1:0 429:3:0 430:0:0 431:0:0 432:0:0 434:0:0 435:0:0 437:1:0 437:3:0 439:0:0 444:0:0 445:3:0 446:0:0 449:0:0 450:0:0 455:0:0 456:1:0 461:0:0 463:1:0 469:1:0 472:0:0 473:0:0 475:0:0 482:0:0 489:0:0 493:1:0 494:0:0 499:0:0 499:5:0 500:0:0 502:0:0 507:0:0 510:0:0 512:0:0 515:0:0 516:0:0 520:0:0 520:5:0 524:0:0 524:3:0 526:0:0 528:8:0 528:11:0 529:0:0 535:1:0 536:0:0 536:4:0 537:0:0 539:0:0 542:0:0 545:0:0 548:0:0 552:0:0 552:7:0 552:10:0 555:0:0 556:2:0 559:0:0 559:1:0 560:0:0 563:0:0 564:0:0 567:0:0 567:2:0 567:9:0 568:0:0 568:1:0 570:0:0 571:2:0 572:0:0 575:0:0 576:0:0 586:0:0 587:0:0 590:0:0 595:0:0 595:1:0 596:0:0 598:0:0 600:0:0 609:1:0 609:6:0 610:0:0 615:0:0 615:2:0 623:0:0 625:8:0 626:0:0 628:0:0 635:0:0 648:0:0 654:0:0 656:3:0 662:1:0 663:0:0 663:7:0 666:0:0 667:0:0 669:0:0 671:0:0 674:0:0 674:4:0 679:0:0 680:0:0 682:2:0 682:3:0 682:6:0 683:0:0 686:0:0 688:0:0 691:0:0 691:5:0 692:0:0 693:1:0 695:0:0 696:0:0 696:3:0 697:0:0 700:0:0 708:0:0 711:0:0 716:7:0 718:2:0 718:5:0 721:0:0 729:0:0 729:9:0 739:2:0 740:0:0 746:0:0 747:0:0 748:0:0 748:2:0 750:0:0 760:0:0 760:3:0 760:5:0 761:0:0 762:0:0 763:3:0 764:0:0 765:0:0 765:3:0 768:0:0 769:0:0 770:0:0 771:0:0 771:1:0 772:2:0 773:0:0 774:0:0 774:3:0 777:0:0 778:0:0 783:3:0 784:0:0 786:3:0 787:0:0 791:0:0 793:0:0 796:0:0 801:0:0 802:0:0 806:0:0 808:0:0 814:0:0 827:0:0 830:0:0 838:0:0 841:0:0 844:0:0 846:0:0 846:4:0 852:0:0 853:0:0 856:0:0 867:0:0 869:2:0 870:0:0 871:0:0 875:0:0 876:0:0 877:0:0 878:0:0 883:0:0 889:1:0 898:0:0 902:6:0 905:0:0 907:1:0 908:0:0 910:0:0 916:3:0 917:2:0 918:0:0 919:0:0 920:0:0 922:0:0 930:0:0 931:0:0 932:0:0 934:0:0 939:0:0 953:1:0 977:0:0 982:0:0 991:2:0 995:1:0 996:1:0 996:6:0 998:0:0 1002:0:0 1004:0:0 1011:0:0 1017:0:0 1021:0:0 1025:0:0 1027:0:0 1031:0:0 1034:0:0 1041:0:0 1044:0:0 1045:0:0 1045:2:0 1046:0:0 1051:6:0 1064:0:0 1064:3:0 1065:0:0 1073:4:0 1079:2:0 1080:0:0 1093:0:0 1096:0:0 1096:2:0 1097:0:0 1099:0:0 1099:7:0 1100:0:0 1102:0:0 1105:3:0 1105:5:0 1107:0:0 1108:1:0 1111:0:0 1112:0:0 1113:2:0 1116:1:0 1117:0:0 1118:0:0 1120:1:0 1127:0:0 1128:0:0 1129:0:0 1129:2:0 1134:0:0 1134:1:0 1139:0:0 1146:0:0 1157:0:0 1157:3:0 1158:0:0 1158:2:0 1165:1:0 1166:0:0 1167:0:0 1168:0:0 1173:0:0 1173:3:0 1174:0:0 1183:0:0 1186:0:0 1189:0:0 1190:0:0 1194:0:0 1196:0:0 1198:0:0 1199:0:0 1200:0:0 1203:1:0 1209:0:0 1210:0:0 1212:0:0 1216:0:0 1218:0:0 1222:1:0 1225:0:0 1227:0:0 1228:2:0 1243:4:0 1244:0:0 1244:1:0 1256:0:0 1258:1:0 1264:2:0 1266:1:0 1272:0:0 1275:4:0 1275:8:0 1276:9:0
2	ŋuəȵi	TOP	TOP	287	4:3:2 26:1:1 30:0:2 36:1:1 39:1:2 40:2:1 43:0:1 51:2:4 53:0:4 60:2:2 78:1:2 80:0:2 104:0:1 126:2:2 127:0:2 132:0:1 146:0:1 154:0:1 155:0:1 166:0:1 169:0:2 172:0:2 175:0:1 178:1:3 179:1:1 191:1:1 193:0:1 194:0:1 205:1:1 206:1:2 207:0:2 211:0:2 212:0:2 213:0:2 214:0:2 215:1:1 216:0:2 217:0:2 218:1:2 230:2:3 268:1:2 270:0:1 275:0:2 280:1:3 294:0:1 301:1:2 306:1:2 306:2:2 325:0:1 347:1:2 356:1:2 356:2:4 360:1:4 361:1:2 362:0:2 366:0:4 367:1:1 370:0:1 372:2:5 375:2:3 375:4:1 376:4:1 376:7:3 380:1:3 380:3:1 389:0:2 394:2:2 401:0:2 402:1:2 406:1:2 408:0:2 409:1:2 410:1:1 412:0:1 412:2:1 413:0:1 413:1:1 425:0:3 426:1:1 429:1:3 445:1:1 445:2:1 446:1:1 458:1:1 460:0:1 463:0:1 466:2:1 468:0:2 468:2:3 469:0:4 475:2:2 476:2:2 482:0:2 488:0:2 489:0:2 491:2:2 503:1:2 513:0:1 520:0:2 521:0:1 524:2:2 524:7:2 528:2:2 528:7:3 530:0:1 536:1:3 543:0:1 546:0:1 549:0:1 551:1:2 556:1:2 564:0:2 567:2:2 568:0:2 573:4:1 574:0:1 575:0:2 581:0:3 590:1:3 592:1:2 594:0:3 609:0:1 610:2:3 622:4:1 624:0:1 624:2:0 629:0:2 631:0:2 637:0:2 646:0:1 650:0:1 654:0:3 656:1:2 656:2:3 663:6:1 665:1:2 665:3:1 669:0:2 674:6:1 682:3:2 685:1:1 691:7:1 705:0:2 705:1:1 705:2:2 706:2:1 707:0:2 718:3:1 724:0:2 729:1:2 729:3:2 730:2:2 745:0:1 751:0:2 753:0:3 760:0:2 760:3:2 762:0:2 765:3:2 768:0:2 773:1:1 774:2:3 774:3:2 775:0:3 776:0:3 779:3:2 780:2:3 782:4:2 784:2:2 785:0:2 786:1:2 798:1:2 800:0:1 809:0:2 811:0:1 812:0:1 812:3:1 815:0:2 818:0:2 839:0:2 842:0:1 843:2:1 844:2:1 847:0:1 850:0:1 851:0:1 851:4:3 852:6:1 856:0:3 858:0:1 860:0:2 865:0:2 866:0:2 869:1:3 871:0:2 878:0:2 879:2:1 881:0:1 886:1:1 887:0:1 888:0:1 892:0:1 894:1:3 897:0:1 898:0:2 904:0:0 904:1:3 905:1:1 907:0:1 911:3:3 915:1:0 919:0:1 920:0:3 933:0:3 937:1:0 939:1:1 941:1:2 942:0:1 959:0:1 969:1:1 971:0:1 972:5:1 975:0:1 977:0:2 982:2:1 983:0:1 996:0:1 996:2:4 999:2:3 999:4:3 1004:0:2 1005:0:1 1009:0:1 1010:1:2 1012:0:1 1028:0:1 1065:0:2 1068:0:1 1069:1:1 1073:3:1 1076:2:1 1078:1:1 1097:3:1 1099:3:1 1103:2:1 1109:2:1 1109:6:3 1112:1:2 1117:3:1 1124:1:2 1125:0:1 1129:1:2 1130:0:1 1138:0:1 1149:0:4 1151:1:1 1151:5:2 1158:1:1 1159:0:1 1160:0:1 1161:0:3 1165:0:3 1173:1:2 1173:6:3 1173:8:3 1174:0:2 1175:0:1 1177:0:2 1178:0:1 1180:1:1 1183:0:2 1184:1:2 1188:0:2 1190:4:0 1194:0:2 1198:0:2 1204:0:2 1206:0:1 1210:0:2 1237:2:1 1246:4:1 1246:9:1 1251:5:3 1257:0:2 1270:2:1 1275:4:2 1276:4:2
3	tu	LNK	LNK	241	11:2:2 58:2:2 61:3:1 63:3:4 66:3:2 71:0:1 84:0:3 98:0:2 99:7:4 101:2:3 118:1:4 120:1:3 136:1:3 138:1:3 144:0:2 157:1:1 159:1:2 160:1:3 178:1:2 180:1:3 182:0:2 189:0:2 196:1:4 201:0:3 221:2:3 243:1:2 245:1:2 253:0:3 257:3:2 270:3:1 272:0:1 279:1:2 287:1:2 297:0:2 298:4:0 299:1:3 300:2:2 303:0:3 310:0:1 312:2:2 332:0:3 338:1:2 358:2:3 363:4:1 365:2:2 368:1:1 371:1:1 374:1:2 378:2:2 383:1:3 386:1:3 387:1:1 388:2:1 393:1:3 395:0:3 398:1:3 399:0:3 400:1:3 403:0:3 405:1:2 427:1:2 434:1:2 439:1:2 447:1:1 455:1:3 459:3:2 461:3:3 465:3:3 467:2:2 477:0:1 479:2:1 481:0:4 483:10:2 484:2:1 487:1:2 495:2:2 501:1:1 504:1:1 506:0:2 510:2:1 512:1:2 530:1:3 537:3:2 553:0:3 555:1:4 558:4:2 562:1:2 569:0:1 572:0:3 577:2:1 587:2:3 591:0:2 597:0:3 601:0:3 602:2:3 604:2:3 616:2:2 625:3:1 627:2:2 628:0:3 635:1:4 643:1:2 648:2:4 673:1:1 683:2:1 684:2:1 688:1:2 692:1:3 698:2:1 706:9:1 710:6:1 711:2:3 717:1:2 718:6:5 720:1:3 721:1:3 722:2:3 727:3:2 728:5:2 731:0:3 733:2:3 736:0:2 748:2:3 782:3:2 782:6:1 783:4:2 787:1:2 788:3:1 789:4:1 791:4:2 794:0:3 794:1:3 797:0:4 805:1:3 807:1:2 808:2:2 810:1:3 828:4:1 833:3:2 835:6:2 840:1:1 861:1:3 862:3:2 863:1:1 864:0:2 866:1:3 883:1:2 885:0:3 888:8:1 890:2:2 898:2:1 898:3:1 900:1:1 902:2:1 909:0:2 912:0:4 913:2:3 918:1:4 922:1:3 923:4:1 925:1:1 927:1:1 930:1:2 937:3:3 940:2:3 943:1:3 947:0:2 951:0:1 956:2:2 958:1:3 964:1:2 968:1:3 979:2:2 981:0:4 989:0:2 998:1:3 1001:1:3 1002:2:3 1005:2:3 1007:1:3 1011:3:3 1014:2:2 1017:1:2 1018:0:2 1020:0:3 1025:1:3 1027:0:3 1029:3:3 1033:0:2 1034:0:3 1036:2:3 1041:0:3 1048:1:3 1050:1:2 1055:3:2 1060:1:3 1061:1:1 1063:2:3 1072:3:2 1075:2:2 1077:0:3 1080:4:3 1083:0:1 1088:0:2 1091:1:2 1094:0:3 1098:0:2 1102:3:1 1104:1:2 1110:1:4 1122:1:1 1126:1:1 1134:2:2 1139:0:3 1140:0:2 1146:1:2 1148:2:1 1157:4:2 1167:1:2 1168:1:2 1193:0:3 1193:2:3 1196:2:3 1200:2:1 1202:2:2 1212:1:2 1224:1:3 1225:0:3 1228:3:1 1231:1:2 1235:1:1 1239:2:3 1242:2:3 1244:2:2 1258:4:2 1259:2:2 1260:2:1 1262:0:1 1264:3:2 1268:2:1 1273:0:3
4	kui	NAR	NAR	218	60:7:1 68:1:2 77:0:1 81:0:1 88:0:1 93:0:1 96:0:1 98:0:1 103:0:1 112:0:1 116:0:1 123:0:1 128:0:1 134:0:1 139:1:2 142:0:1 144:0:1 150:0:1 156:0:1 163:0:1 164:0:2 171:0:1 177:0:1 181:1:2 182:3:3 183:2:3 184:3:3 185:2:3 188:2:3 191:4:2 203:0:1 213:3:2 214:4:2 216:2:2 217:2:2 218:3:2 220:2:3 221:2:2 224:2:1 225:4:2 226:5:2 227:0:3 228:3:3 231:5:2 233:1:1 240:2:3 241:3:2 242:1:2 250:2:2 252:1:2 268:3:2 278:1:1 279:1:1 286:0:1 288:3:2 291:0:1 293:3:2 304:5:2 305:2:1 306:4:2 311:2:1 312:2:1 316:1:3 317:2:3 321:0:2 326:1:3 334:2:2 335:1:2 337:2:2 345:0:1 349:0:1 355:0:1 356:4:2 359:3:1 362:4:1 372:5:1 380:7:2 389:2:2 392:2:2 396:6:2 402:5:2 403:0:2 406:7:1 408:2:1 414:0:1 417:0:1 420:0:1 423:0:1 433:0:1 434:1:1 435:4:1 439:1:1 443:0:1 458:4:1 459:3:1 460:5:2 461:3:2 464:6:2 465:3:2 466:4:1 467:2:1 468:3:4 474:1:1 478:1:3 493:2:1 515:1:1 523:0:1 528:12:2 552:11:1 558:4:1 575:2:3 578:1:2 586:1:2 609:7:1 615:8:1 616:2:1 634:1:3 635:1:3 643:1:1 655:0:1 656:4:1 660:2:2 668:0:1 681:0:1 682:7:2 688:1:1 691:9:3 694:0:1 696:4:3 717:1:1 729:11:1 730:5:2 731:0:2 737:4:1 797:0:3 809:2:2 810:1:2 815:2:1 819:1:2 831:0:3 833:3:1 837:0:1 839:6:2 864:3:1 865:1:2 866:1:2 871:1:2 875:1:2 876:6:1 882:0:1 883:1:1 889:4:1 890:2:1 911:5:3 912:0:3 921:3:3 923:2:4 930:1:1 931:7:1 945:0:1 947:0:1 949:4:1 955:1:1 956:2:1 963:0:1 967:1:2 968:1:2 970:0:1 976:0:1 1003:2:2 1016:0:1 1017:1:1 1022:7:2 1025:1:2 1032:0:1 1045:5:1 1049:5:1 1050:1:1 1057:0:1 1059:1:2 1060:1:2 1085:0:1 1088:0:1 1096:3:1 1099:8:3 1100:3:2 1120:2:2 1127:1:1 1129:3:1 1133:0:1 1134:2:1 1136:0:1 1138:1:2 1145:1:1 1146:1:1 1156:2:3 1157:4:1 1165:2:4 1167:1:1 1168:1:1 1170:0:1 1172:0:1 1185:0:1 1187:0:1 1188:1:2 1189:2:2 1192:3:2 1193:0:2 1195:2:2 1196:2:2 1211:0:1 1212:1:1 1223:0:1 1224:1:2 1243:5:1 1244:2:1 1271:0:1 1276:10:2
5	le:	CL	DEF:CL	217	1:0:1 3:0:1 18:0:1 19:0:1 20:0:1 60:2:1 67:0:1 68:0:1 78:1:1 109:0:1 119:1:1 120:0:1 127:0:1 137:0:1 138:0:1 139:0:1 147:2:1 159:3:1 160:0:1 169:0:1 200:0:1 204:1:1 207:0:1 211:0:1 211:2:1 211:5:1 214:0:1 216:0:1 217:0:1 217:1:1 218:1:1 218:2:1 222:3:1 223:0:1 225:1:1 231:4:1 234:1:1 262:1:1 263:4:1 264:1:1 266:0:1 277:1:2 280:1:2 284:0:2 306:2:1 316:0:1 317:1:1 318:0:1 326:0:1 327:0:1 334:1:1 335:0:1 337:1:4 338:0:1 340:1:1 362:1:2 366:0:1 367:0:1 372:2:4 373:2:2 374:0:2 375:1:1 376:6:1 376:7:2 377:4:2 378:1:1 380:1:1 381:1:1 382:1:1 383:0:1 386:0:1 389:0:1 390:1:1 390:3:3 391:0:2 394:2:1 396:4:1 397:1:1 397:3:1 401:0:1 402:0:1 402:1:1 402:3:1 404:1:1 405:0:1 406:1:1 406:5:1 407:1:1 409:1:1 436:0:1 436:2:1 444:1:1 445:0:1 451:1:3 457:0:1 458:0:1 463:5:2 468:0:1 468:2:1 475:2:1 503:0:1 503:1:1 519:1:1 528:5:1 545:2:1 545:3:1 551:0:1 551:1:1 552:1:1 556:1:1 556:4:1 557:1:1 558:1:1 568:2:2 573:2:1 581:8:3 584:3:1 590:1:1 592:1:1 594:0:2 603:0:1 604:0:1 606:1:1 609:2:1 615:1:1 615:4:1 618:3:1 622:1:1 625:7:1 629:0:1 647:3:1 656:2:1 665:1:1 685:5:1 691:4:3 695:4:1 703:2:1 703:4:1 706:7:3 710:3:1 711:1:1 729:1:1 729:10:2 730:2:1 737:0:1 737:2:1 738:2:1 743:0:1 751:0:1 753:0:2 754:0:1 763:5:3 766:1:1 767:0:1 770:1:1 772:0:2 774:1:1 775:0:2 779:3:1 782:4:1 783:1:1 784:1:1 784:2:1 786:0:1 786:1:1 798:0:1 798:2:1 802:1:1 806:1:1 807:0:1 809:0:1 815:0:1 818:0:1 832:0:1 833:0:1 839:0:1 852:1:1 852:2:1 860:0:1 864:2:3 865:0:1 866:0:1 894:1:1 904:1:1 915:3:3 916:1:3 940:0:1 984:1:1 996:2:2 996:4:1 999:2:1 999:6:1 1003:1:1 1010:1:1 1020:2:2 1020:3:3 1029:1:1 1049:2:2 1049:3:1 1064:4:1 1069:6:2 1124:1:1 1151:5:1 1152:1:1 1161:0:2 1161:4:1 1165:0:1 1173:1:1 1173:2:1 1173:7:1 1188:0:1 1190:7:1 1199:4:1 1203:3:1 1204:0:1 1206:2:1 1206:5:1
6	le:	DEF	DEF:CL	217	1:0:1 3:0:1 18:0:1 19:0:1 20:0:1 60:2:1 67:0:1 68:0:1 78:1:1 109:0:1 119:1:1 120:0:1 127:0:1 137:0:1 138:0:1 139:0:1 147:2:1 159:3:1 160:0:1 169:0:1 200:0:1 204:1:1 207:0:1 211:0:1 211:2:1 211:5:1 214:0:1 216:0:1 217:0:1 217:1:1 218:1:1 218:2:1 222:3:1 223:0:1 225:1:1 231:4:1 234:1:1 262:1:1 263:4:1 264:1:1 266:0:1 277:1:2 280:1:2 284:0:2 306:2:1 316:0:1 317:1:1 318:0:1 326:0:1 327:0:1 334:1:1 335:0:1 337:1:4 338:0:1 340:1:1 362:1:2 366:0:1 367:0:1 372:2:4 373:2:2 374:0:2 375:1:1 376:6:1 376:7:2 377:4:2 378:1:1 380:1:1 381:1:1 382:1:1 383:0:1 386:0:1 389:0:1 390:1:1 390:3:3 391:0:2 394:2:1 396:4:1 397:1:1 397:3:1 401:0:1 402:0:1 402:1:1 402:3:1 404:1:1 405:0:1 406:1:1 406:5:1 407:1:1 409:1:1 436:0:1 436:2:1 444:1:1 445:0:1 451:1:3 457:0:1 458:0:1 463:5:2 468:0:1 468:2:1 475:2:1 503:0:1 503:1:1 519:1:1 528:5:1 545:2:1 545:3:1 551:0:1 551:1:1 552:1:1 556:1:1 556:4:1 557:1:1 558:1:1 568:2:2 573:2:1 581:8:3 584:3:1 590:1:1 592:1:1 594:0:2 603:0:1 604:0:1 606:1:1 609:2:1 615:1:1 615:4:1 618:3:1 622:1:1 625:7:1 629:0:1 647:3:1 656:2:1 665:1:1 685:5:1 691:4:3 695:4:1 703:2:1 703:4:1 706:7:3 710:3:1 711:1:1 729:1:1 729:10:2 730:2:1 737:0:1 737:2:1 738:2:1 743:0:1 751:0:1 753:0:2 754:0:1 763:5:3 766:1:1 767:0:1 770:1:1 772:0:2 774:1:1 775:0:2 779:3:1 782:4:1 783:1:1 784:1:1 784:2:1 786:0:1 786:1:1 798:0:1 798:2:1 802:1:1 806:1:1 807:0:1 809:0:1 815:0:1 818:0:1 832:0:1 833:0:1 839:0:1 852:1:1 852:2:1 860:0:1 864:2:3 865:0:1 866:0:1 894:1:1 904:1:1 915:3:3 916:1:3 940:0:1 984:1:1 996:2:2 996:4:1 999:2:1 999:6:1 1003:1:1 1010:1:1 1020:2:2 1020:3:3 1029:1:1 1049:2:2 1049:3:1 1064:4:1 1069:6:2 1124:1:1 1151:5:1 1152:1:1 1161:0:2 1161:4:1 1165:0:1 1173:1:1 1173:2:1 1173:7:1 1188:0:1 1190:7:1 1199:4:1 1203:3:1 1204:0:1 1206:2:1 1206:5:1
7	ȵi	ADV	ADV	194	5:2:3 7:3:2 9:3:2 17:1:1 31:0:2 36:3:3 39:2:2 41:4:2 43:7:3 44:0:2 47:0:2 50:1:2 52:1:2 54:2:4 56:1:2 65:1:2 76:2:2 80:0:1 83:0:2 87:0:2 92:0:1 99:3:2 99:6:2 102:2:2 115:0:1 122:1:2 132:2:2 141:1:2 143:0:2 147:0:1 158:2:2 162:1:2 176:0:1 200:1:4 211:3:2 237:1:2 256:3:2 257:0:2 268:2:2 301:5:2 304:1:2 305:2:2 353:1:2 375:8:2 375:13:2 376:2:2 377:2:2 379:2:2 379:4:2 392:0:1 396:2:1 397:5:2 407:3:1 441:1:2 451:4:3 460:2:2 460:4:2 461:2:2 463:7:2 464:5:2 470:0:2 476:1:2 478:0:2 483:3:2 483:4:2 483:6:2 493:0:1 499:2:2 518:1:3 524:5:2 526:1:2 528:10:2 533:1:2 533:5:2 535:0:1 546:1:2 546:6:2 552:4:1 552:9:1 561:2:3 567:1:2 567:6:2 570:2:2 571:1:2 581:7:2 584:0:2 585:0:1 588:3:1 615:7:2 616:1:2 620:0:1 632:3:1 637:0:1 638:0:1 640:0:1 659:0:3 675:2:1 676:1:2 677:1:2 682:5:2 695:3:2 695:6:3 696:2:3 698:0:2 704:2:2 706:4:1 713:3:1 714:2:2 715:1:2 716:3:1 717:0:1 728:1:2 729:6:2 739:0:1 755:0:2 756:0:1 757:2:1 759:4:1 760:4:2 770:3:1 783:2:2 790:0:3 792:2:2 792:5:2 801:1:2 803:0:3 819:0:1 822:1:1 825:0:1 826:1:2 839:2:2 845:1:2 846:2:1 859:1:1 874:1:1 899:1:1 908:2:2 908:4:1 909:1:3 913:1:2 916:4:1 928:2:1 929:1:1 933:1:2 996:5:2 1011:1:2 1022:6:2 1036:0:2 1045:4:2 1047:0:2 1047:1:2 1049:4:2 1058:1:1 1062:2:2 1063:1:2 1069:10:2 1097:5:2 1097:7:2 1099:6:2 1102:1:2 1108:0:2 1109:4:2 1111:1:2 1111:6:2 1113:4:2 1116:0:2 1118:0:2 1118:2:2 1121:1:2 1122:3:1 1123:2:1 1124:3:2 1125:2:1 1135:6:1 1152:2:2 1157:2:3 1171:1:1 1171:2:4 1177:0:1 1181:1:2 1192:1:3 1199:3:2 1214:2:1 1222:3:2 1228:1:3 1237:1:2 1238:0:2 1241:1:2 1253:2:2 1264:1:2 1267:4:2 1268:1:2 1274:3:3 1275:3:1
8	kəi	NAR	NAR	167	31:3:2 33:2:2 59:7:1 65:2:2 67:1:2 72:3:2 83:1:2 84:0:2 85:2:2 99:7:3 101:2:2 117:2:3 118:1:3 119:2:2 120:1:2 135:2:3 136:1:2 137:1:2 138:1:2 145:2:2 158:3:3 159:4:2 160:1:2 180:1:2 190:2:2 195:3:1 204:4:2 205:4:1 206:5:3 210:1:3 211:6:1 212:5:2 222:5:2 229:3:1 236:1:1 238:2:1 248:2:1 256:5:1 287:1:1 294:8:2 301:7:1 313:2:2 314:1:2 322:1:2 323:1:2 330:2:3 331:0:3 358:2:2 360:3:1 364:2:1 365:2:1 373:3:1 374:1:1 377:5:1 378:2:1 379:5:3 382:2:2 383:1:2 386:1:2 397:6:2 398:1:2 399:0:2 400:1:2 404:2:1 405:1:1 445:4:1 454:0:1 455:1:2 475:4:2 486:1:1 487:1:1 495:2:1 496:5:1 497:3:1 498:3:1 499:6:2 517:2:2 518:1:2 556:5:2 579:1:3 580:3:2 587:2:2 602:2:2 603:2:2 604:2:2 605:2:1 625:9:2 627:2:1 663:8:1 686:1:2 689:0:2 719:1:2 733:2:2 734:1:1 736:0:1 739:3:1 760:6:2 791:2:1 791:4:1 794:1:2 795:1:3 798:3:2 804:0:1 805:1:2 806:2:1 807:1:1 808:2:1 823:1:2 860:3:2 861:1:2 884:1:2 885:0:2 913:2:2 917:3:3 918:1:3 922:1:2 937:3:2 938:1:2 940:2:2 941:2:2 942:1:2 943:1:2 966:1:1 978:2:2 980:2:3 981:0:3 998:1:2 1001:1:2 1002:2:2 1005:2:2 1006:2:2 1007:1:2 1019:1:2 1020:0:2 1020:4:2 1028:3:2 1029:3:2 1030:2:2 1036:2:2 1037:2:3 1040:1:3 1046:1:2 1047:2:2 1048:1:2 1062:3:2 1063:2:2 1069:15:3 1071:3:1 1072:3:1 1079:7:2 1093:1:2 1094:0:2 1097:8:2 1101:7:2 1128:2:1 1152:2:1 1173:9:2 1190:9:2 1191:2:2 1204:2:2 1246:10:2 1256:1:1 1258:4:1 1263:1:2 1272:1:2 1273:0:2 1274:5:2
9	tu	RESULT	RESULT	142	60:0:0 66:0:0 78:0:0 82:0:0 124:0:0 126:0:0 172:0:1 204:0:0 206:0:0 226:0:0 232:1:0 315:0:0 324:0:1 330:0:0 346:0:0 350:0:1 357:0:0 372:1:1 373:0:1 380:0:1 388:0:1 390:0:1 393:0:1 397:0:1 406:0:1 409:0:1 410:0:1 426:0:1 435:0:1 444:0:1 446:0:1 450:0:1 455:0:1 461:0:1 463:1:1 475:0:1 494:0:1 499:0:1 500:0:1 502:0:1 510:0:1 524:0:1 526:0:1 529:0:1 545:0:1 552:0:1 555:0:1 563:0:1 567:0:1 595:0:1 596:0:1 598:0:1 600:0:1 606:0:0 610:0:1 615:0:1 626:0:1 648:0:1 662:0:0 674:0:1 674:4:1 683:0:1 690:0:0 695:0:1 696:0:1 697:0:1 700:0:1 708:0:1 718:2:1 718:5:1 721:0:1 730:0:0 735:0:0 740:0:1 750:0:1 751:1:0 761:0:1 762:0:1 764:0:1 770:0:1 771:0:1 773:0:1 784:0:1 791:0:1 793:0:1 796:0:1 806:0:1 808:0:1 814:0:1 827:0:1 830:0:1 838:0:1 841:0:1 844:0:1 867:0:1 876:0:1 877:0:1 878:0:1 898:0:1 902:6:1 905:0:1 908:0:1 910:0:1 931:0:1 932:0:1 939:0:1 982:0:1 998:0:1 1004:0:1 1011:0:1 1021:0:1 1031:0:1 1046:0:1 1052:0:0 1064:0:1 1064:3:1 1080:0:1 1093:0:1 1095:2:0 1097:0:1 1099:0:1 1100:0:1 1102:0:1 1107:0:1 1111:0:1 1112:0:1 1117:0:1 1128:0:1 1129:0:1 1134:0:1 1157:0:1 1158:0:1 1158:2:1 1166:0:1 1173:0:1 1186:0:1 1189:0:1 1190:0:1 1196:0:1 1198:0:1 1244:0:1 1272:0:1
10	ŋuə	COP	COP	131	7:3:0 52:1:0 53:3:0 58:6:0 59:7:0 130:2:0 157:1:0 207:3:0 208:3:0 209:3:0 209:4:0 233:1:0 247:1:0 282:2:0 283:2:0 305:2:0 359:3:0 363:4:0 364:2:0 365:2:0 368:1:0 371:1:0 373:3:0 374:1:0 377:5:0 378:2:0 387:1:0 388:2:0 391:1:0 441:1:0 445:4:0 447:1:0 449:1:0 452:1:0 459:3:0 467:2:0 479:2:0 483:10:0 484:2:0 493:2:0 496:5:0 497:3:0 498:3:0 501:1:0 504:1:0 506:0:1 537:3:0 552:9:0 558:4:0 560:1:0 561:6:0 563:4:0 567:10:0 577:2:0 581:9:0 584:4:0 588:3:0 621:1:0 625:3:0 627:2:0 633:1:0 666:2:0 673:1:0 682:7:0 683:2:0 684:2:0 685:6:0 685:8:0 698:2:0 703:5:0 704:1:0 710:6:0 717:1:0 747:1:0 754:1:0 757:4:0 771:2:0 772:3:0 777:2:0 782:3:0 782:6:0 783:4:0 787:1:0 788:3:0 789:4:0 806:2:0 807:1:0 815:2:0 822:1:0 828:4:0 829:2:0 829:3:0 833:3:0 855:2:0 863:1:0 868:4:0 873:5:0 896:2:0 898:3:0 909:0:1 939:3:0 952:2:0 953:5:0 969:3:0 973:3:0 1051:8:0 1051:12:1 1055:3:0 1058:1:0 1061:1:0 1102:3:0 1144:3:0 1148:2:0 1152:2:0 1157:4:0 1161:5:0 1171:5:0 1197:2:0 1203:5:0 1206:6:0 1207:1:0 1214:1:0 1215:1:0 1221:1:0 1224:1:1 1228:3:0 1258:4:0 1260:2:0 1264:3:0 1268:2:0 1275:3:0
11	wɑ	EMPH	EMPH	102	76:6:2 80:3:3 89:4:2 92:1:3 95:4:3 97:1:3 104:3:2 111:3:2 114:1:2 115:3:3 126:4:2 127:2:1 133:1:3 149:1:2 153:1:2 154:2:3 155:3:3 170:0:2 176:3:3 194:2:3 195:1:3 248:2:2 268:3:3 277:2:3 344:1:2 348:1:3 362:4:2 364:2:2 369:1:3 373:3:2 380:7:3 389:2:3 396:6:3 413:4:3 416:2:3 429:4:3 432:1:3 437:6:2 438:3:2 458:4:2 464:6:3 473:1:1 486:1:2 493:2:2 496:5:2 515:1:2 522:1:1 523:0:2 532:3:1 534:1:2 542:2:1 543:2:1 552:11:2 568:3:1 571:3:3 578:1:3 590:2:3 605:2:2 609:7:2 649:1:3 654:2:1 656:4:2 663:8:2 667:1:1 680:1:2 686:1:3 693:2:1 716:8:2 719:1:3 729:11:2 734:1:2 772:3:2 777:2:1 781:2:2 798:3:3 813:3:2 815:2:2 836:0:1 860:3:3 871:1:3 884:1:3 889:4:2 984:4:3 996:9:3 1049:5:2 1062:3:3 1074:2:3 1084:3:1 1091:2:2 1099:8:4 1101:7:3 1127:1:2 1156:2:4 1169:3:2 1197:2:2 1227:2:4 1237:4:3 1261:3:1 1263:1:3 1271:0:2 1274:5:3 1276:10:3
12	ɦɑlɑ	INT	INT	101	58:3:0 60:1:0 62:0:0 66:1:0 85:0:0 119:0:0 124:3:0 126:1:0 158:0:0 159:2:0 211:1:0 211:4:0 212:1:0 213:1:0 214:1:0 256:0:0 288:0:0 304:2:0 319:0:0 330:1:0 336:0:0 358:0:0 375:0:0 375:14:0 376:4:0 376:5:0 377:0:0 382:0:0 394:3:0 397:4:0 398:0:0 399:1:0 400:0:0 402:2:0 404:0:0 424:1:0 456:0:0 463:0:0 466:0:0 468:1:0 483:2:0 483:5:0 519:0:0 528:0:0 528:4:0 543:0:0 546:3:0 580:1:0 605:0:0 622:3:0 659:2:0 665:2:0 723:0:0 730:1:0 732:0:0 735:1:0 739:1:0 741:0:0 781:0:0 845:0:0 859:2:0 862:0:0 864:1:0 894:0:0 928:0:0 941:0:0 965:0:0 967:0:0 969:0:0 980:0:0 983:0:0 983:1:0 999:1:0 999:5:0 1003:0:0 1020:1:0 1022:5:0 1029:0:0 1037:0:0 1049:0:0 1069:14:0 1073:0:0 1076:0:0 1078:0:0 1078:2:0 1081:0:0 1099:4:0 1111:4:0 1193:1:0 1195:0:0 1201:0:0 1203:0:0 1229:1:0 1246:0:0 1246:3:0 1259:0:0 1260:1:0 1269:0:0 1274:0:0 1274:2:0 1275:5:0
13	tə	DIR	DIR	94	19:1:0 22:2:0 35:1:0 40:4:0 44:2:0 53:2:0 55:3:0 56:3:0 68:1:0 139:1:0 164:0:0 313:1:0 322:0:0 330:2:0 348:1:0 351:0:0 353:1:0 375:8:0 463:8:0 478:0:0 483:4:0 525:0:0 526:1:0 527:0:0 533:1:0 541:1:0 546:7:0 567:1:0 571:3:0 619:3:0 622:6:0 624:1:0 625:9:0 627:0:0 634:1:0 635:1:0 647:4:0 666:3:0 674:3:0 682:5:0 695:3:0 718:6:0 729:6:0 729:10:0 742:1:0 743:1:0 745:3:0 763:5:0 792:2:0 792:5:0 815:1:0 822:3:0 824:1:0 831:0:0 833:1:0 845:1:0 875:1:0 942:1:0 943:1:0 967:1:0 968:1:0 983:4:0 984:2:0 1005:2:0 1029:3:0 1030:1:0 1036:2:0 1037:2:0 1043:1:0 1044:6:0 1046:1:0 1047:0:0 1062:2:0 1063:1:0 1069:15:0 1070:1:0 1076:4:0 1077:0:0 1079:3:0 1095:1:0 1096:1:0 1097:5:0 1099:6:0 1106:0:0 1156:2:0 1157:2:0 1209:8:0 1219:0:0 1237:1:0 1238:0:0 1274:5:0 1275:1:0 1276:6:0 1276:10:0
14	dɑ	DIR	DIR	86	66:2:0 66:3:0 83:1:0 84:0:0 99:4:0 99:7:0 117:1:0 117:2:0 118:0:0 118:1:0 135:1:0 135:2:0 136:1:0 158:3:0 159:0:0 159:1:0 235:2:0 241:1:0 241:3:0 242:1:0 244:1:0 245:1:0 251:3:0 262:0:0 290:1:0 294:8:0 295:0:0 296:0:0 297:0:0 463:7:0 464:4:0 465:1:0 478:1:0 479:0:0 481:0:0 488:2:0 492:1:0 513:1:0 520:1:0 542:1:0 575:2:0 576:1:0 577:0:0 603:1:0 604:1:0 651:0:0 659:3:0 672:0:0 691:9:0 710:4:0 711:2:0 733:1:0 767:1:0 774:2:0 780:4:0 783:2:0 850:1:0 862:1:0 862:2:0 862:3:0 864:0:0 933:1:0 937:2:0 937:3:0 940:2:0 978:2:0 979:0:0 979:1:0 979:2:0 998:1:0 1001:1:0 1006:2:0 1007:1:0 1047:2:0 1048:1:0 1062:3:0 1063:2:0 1103:4:0 1104:1:0 1109:8:0 1110:1:0 1237:4:0 1239:2:0 1240:1:0 1241:1:0 1242:2:0
15	tɑ	LOC	LOC	75	5:1:2 7:0:1 10:0:2 13:2:3 25:6:1 27:0:1 28:1:1 31:2:3 33:1:3 38:0:1 39:1:1 41:0:1 43:1:1 49:1:1 50:4:3 51:4:3 53:0:3 63:2:1 66:4:1 126:2:1 217:1:3 222:3:2 225:1:2 257:1:2 262:1:2 263:3:2 377:1:1 382:1:2 383:0:2 386:0:2 396:0:1 406:2:1 424:2:2 425:0:2 438:0:1 438:2:2 464:0:1 464:4:4 465:1:4 468:2:2 519:4:3 524:4:2 528:9:2 546:7:3 594:2:3 609:2:3 615:4:2 632:1:3 641:0:1 648:2:3 729:3:1 780:2:2 851:4:2 894:1:2 904:1:2 914:0:3 915:3:4 916:1:4 941:1:1 996:4:2 999:4:2 1049:3:2 1069:13:3 1078:4:2 1166:1:5 1173:6:2 1173:8:2 1202:0:2 1246:1:3 1249:3:1 1251:5:2 1257:0:1 1258:0:1 1260:0:3 1270:0:3
16	ȵɑ	COM	COM	64	4:1:0 8:1:0 16:1:0 25:1:0 25:4:0 40:1:0 67:0:2 85:1:2 100:3:1 101:1:1 119:1:2 120:0:2 137:0:2 138:0:2 159:3:2 160:0:2 397:2:0 436:1:0 546:4:1 552:2:1 588:1:0 706:6:0 789:2:0 835:4:0 854:2:0 876:2:0 879:1:0 931:2:0 960:1:0 961:1:0 972:1:0 982:5:0 994:1:0 1022:2:0 1044:3:0 1051:3:0 1066:2:0 1069:8:0 1073:2:0 1080:2:0 1097:2:0 1100:2:1 1101:2:0 1101:6:1 1109:1:0 1111:3:3 1117:2:0 1131:1:0 1135:2:0 1150:2:0 1155:1:0 1199:5:0 1209:2:0 1209:4:0 1225:3:0 1226:4:0 1234:1:0 1234:4:0 1246:6:0 1251:4:0 1253:0:2 1267:1:0 1275:7:0 1276:1:0
17	ə	DIR	DIR	63	3:1:0 211:3:0 225:2:0 225:4:0 226:3:0 227:0:0 228:0:0 316:1:0 331:0:0 343:1:0 356:2:0 358:2:0 397:5:0 425:2:0 428:2:0 430:1:0 431:4:0 471:1:0 517:2:0 518:1:0 552:8:0 567:3:0 567:7:0 578:1:0 579:1:0 580:0:0 580:3:0 587:2:0 652:0:0 696:2:0 696:4:0 698:0:0 706:8:0 760:6:0 884:1:0 885:0:0 904:2:0 905:3:0 907:2:0 911:5:0 912:0:0 921:2:0 922:1:0 962:1:0 964:1:0 965:2:0 980:2:0 981:0:0 1009:2:0 1013:2:0 1031:3:0 1031:5:0 1054:0:0 1069:13:0 1079:7:0 1097:8:0 1098:0:0 1099:8:0 1115:2:0 1116:2:0 1124:3:0 1153:2:0 1154:7:0
18	ʁɑ	LOC	LOC	58	1:3:1 21:1:2 41:2:1 48:1:1 64:2:1 211:2:2 211:5:2 298:2:2 356:2:3 388:1:2 393:1:2 395:0:2 424:4:2 496:1:1 501:0:2 524:7:1 528:2:1 528:7:2 555:1:3 556:3:3 581:0:2 592:0:2 597:0:2 601:0:2 609:5:1 642:2:2 661:1:3 662:3:1 663:0:2 691:6:2 718:6:4 721:1:2 724:1:1 726:0:1 763:0:2 790:0:2 792:3:1 794:0:2 813:1:1 852:0:3 860:2:3 861:0:3 869:1:2 911:1:3 933:0:2 938:0:2 980:1:3 1049:2:3 1069:12:2 1081:2:4 1090:1:2 1109:3:1 1149:0:3 1173:4:3 1193:2:2 1241:2:2 1242:1:4 1259:1:4
19	ɦɑ	DIR	DIR	53	28:3:0 31:0:0 41:4:0 63:3:0 66:5:0 108:1:0 147:1:0 167:0:0 168:2:0 182:1:0 191:4:0 204:4:0 212:5:0 213:3:0 214:4:0 216:2:0 217:2:0 220:0:0 262:3:0 263:1:0 263:5:0 265:0:0 300:2:0 353:3:0 460:4:0 461:2:0 464:5:0 465:2:0 476:2:0 483:3:0 483:6:0 488:0:0 533:5:0 553:0:0 615:5:0 705:0:0 779:0:0 858:3:0 996:5:0 1003:2:0 1049:4:0 1056:2:0 1078:5:0 1090:3:0 1093:1:0 1094:0:0 1142:0:0 1147:0:0 1148:0:0 1204:2:0 1222:3:0 1227:2:0 1228:1:0
20	ɦe	DIR	DIR	52	31:2:0 51:4:0 53:0:0 65:1:0 82:2:0 83:0:0 99:2:0 99:3:0 99:5:0 99:6:0 158:1:0 158:2:0 179:4:0 180:1:0 260:1:0 261:1:0 266:1:0 266:2:0 267:0:0 294:4:0 294:5:0 294:6:0 301:4:0 301:5:0 352:1:0 431:2:0 435:3:0 466:3:0 467:0:0 492:2:0 492:3:0 567:6:0 639:0:0 645:0:0 704:2:0 755:0:0 868:3:0 869:4:0 870:1:0 871:1:0 881:4:0 892:2:0 897:2:0 1000:1:0 1002:2:0 1022:6:0 1120:2:0 1121:1:0 1164:2:0 1169:3:0 1186:3:0 1220:1:0
21	i	DIR	DIR	51	5:2:0 8:4:0 18:5:0 31:3:0 33:2:0 49:2:0 57:3:0 133:1:0 182:3:0 183:2:0 184:3:0 185:2:0 188:2:0 193:4:0 196:1:0 200:1:0 201:0:0 218:3:0 222:5:0 223:1:0 237:1:0 252:1:0 269:2:0 298:3:0 412:3:0 464:6:0 465:3:0 470:1:0 483:9:0 581:8:0 584:1:0 648:2:0 649:1:0 654:1:0 695:6:0 728:1:0 748:1:0 860:3:0 861:1:0 909:1:0 923:2:0 1045:4:0 1080:4:0 1111:7:0 1189:2:0 1208:2:0 1210:2:0 1241:4:0 1270:5:0 1272:1:0 1273:0:0
22	s	NOM	NOM	47	7:2:1 12:2:1 13:2:2 31:2:2 33:1:2 50:4:2 51:4:2 53:0:2 207:2:1 208:2:1 209:3:1 425:0:1 438:2:1 458:3:1 459:1:1 464:4:3 465:1:3 519:4:2 546:7:2 581:8:2 584:1:2 648:2:2 656:1:1 685:6:1 706:7:2 706:8:2 707:2:1 710:4:2 757:1:1 763:2:1 763:5:2 780:2:1 784:4:1 785:2:1 829:2:1 854:4:3 873:4:1 999:4:1 1023:1:1 1069:13:2 1149:1:1 1153:1:1 1173:6:1 1246:1:2 1251:5:1 1260:0:2 1270:0:2
23	hɑ	DIR	DIR	46	39:2:0 44:0:0 72:3:0 154:2:0 256:4:0 257:2:0 285:2:0 304:1:0 317:2:0 326:1:0 327:1:0 334:2:0 335:1:0 337:2:0 338:1:0 344:1:0 354:1:0 453:1:0 496:2:0 499:2:0 519:4:0 536:3:0 546:1:0 602:2:0 618:1:0 618:6:0 663:4:0 669:2:0 670:1:0 680:1:0 716:8:0 719:1:0 720:1:0 722:2:0 730:5:0 731:0:0 738:5:0 794:1:0 1073:6:0 1074:2:0 1075:2:0 1131:5:0 1190:9:0 1191:2:0 1192:3:0 1193:0:0
24	me	NEG	NEG	46	59:2:0 59:5:0 79:2:0 89:4:0 94:4:0 104:3:0 105:2:0 106:2:0 107:1:0 114:1:0 124:6:0 124:9:0 131:1:0 146:3:0 146:6:0 153:1:0 166:3:0 166:6:0 174:1:0 200:1:1 239:3:0 254:2:0 255:3:0 341:1:0 466:3:1 467:0:1 492:3:1 724:3:0 724:4:0 795:1:1 797:0:1 800:3:1 881:4:1 892:2:1 897:2:1 901:4:0 926:1:0 1011:3:1 1037:2:1 1095:4:0 1109:6:0 1164:2:1 1220:1:1 1241:4:1 1252:0:0 1266:0:0
25	lɑ	LOC	LOC	45	2:0:1 20:2:1 22:0:1 39:3:1 44:1:1 46:4:1 64:0:1 76:1:1 89:2:1 104:1:1 108:0:1 111:1:1 212:2:3 226:2:1 263:2:1 301:3:1 302:0:3 304:0:1 304:3:1 306:1:1 334:0:1 360:0:1 394:4:1 422:2:1 460:3:1 461:1:1 464:2:1 531:0:1 664:1:1 704:3:2 730:4:1 737:1:1 754:2:2 782:5:2 798:1:1 852:3:1 869:0:1 869:1:1 911:4:1 996:3:2 1049:1:2 1184:1:1 1230:0:1 1231:0:1 1243:2:2
26	u	DIR	DIR	39	288:3:0 299:0:0 402:5:0 403:0:0 413:4:0 416:2:0 419:3:0 429:4:0 432:1:0 451:4:0 463:4:0 470:0:0 471:0:0 581:7:0 584:0:0 615:7:0 616:1:0 706:5:0 706:7:0 798:3:0 803:0:0 805:1:0 826:3:0 828:1:0 852:4:0 908:2:0 984:4:0 988:2:0 991:3:0 995:2:0 996:9:0 1035:2:0 1036:0:0 1162:1:0 1163:2:0 1169:2:0 1171:4:0 1261:2:0 1269:2:0
27	wu	AGT	AGT	39	68:0:2 74:0:2 86:0:2 109:0:2 139:0:2 231:3:2 234:0:2 251:0:3 266:0:2 277:0:1 375:1:2 431:1:1 483:1:1 533:0:1 541:0:1 559:0:2 561:0:2 570:0:2 594:1:1 606:1:2 607:1:1 615:1:2 618:3:2 674:1:1 691:4:4 779:1:1 832:0:2 833:0:2 853:0:2 889:3:1 890:1:1 1044:4:1 1069:6:3 1105:5:2 1120:0:2 1154:2:1 1182:0:1 1201:1:1 1209:0:2
28	m	NOM	NOM	38	48:2:1 304:4:2 306:3:2 342:1:2 363:0:2 463:5:1 496:2:2 498:0:2 513:2:1 520:2:1 520:4:1 567:8:1 573:3:2 651:1:1 652:1:1 659:4:1 660:1:1 663:4:2 691:4:2 724:3:2 774:2:2 792:7:1 864:2:2 876:4:2 911:3:2 915:3:2 916:1:2 923:1:2 1064:2:1 1069:6:1 1071:1:1 1072:1:1 1079:5:1 1166:1:2 1243:3:1 1246:2:1 1268:0:2 1270:1:1
29	tɕu	PART	PART	38	58:6:2 59:7:2 60:7:2 65:2:3 67:1:3 68:1:3 77:0:2 81:0:2 85:2:3 88:0:2 93:0:2 96:0:2 100:4:5 112:0:2 116:0:2 119:2:3 128:0:2 134:0:2 177:0:2 188:2:4 203:0:2 210:1:4 213:3:3 216:2:3 217:2:3 218:3:3 222:5:3 225:4:3 278:1:2 286:0:2 291:0:2 304:5:3 311:2:2 433:0:2 460:5:3 1016:0:2 1129:3:2 1185:0:2
30	ʂə	LNK	LNK	37	72:3:3 75:0:1 91:0:2 107:3:1 110:0:2 125:2:2 148:0:2 226:5:3 313:2:3 322:1:3 330:2:4 343:1:4 359:3:2 463:4:3 475:4:3 567:10:1 584:4:1 584:6:1 619:3:3 681:0:2 687:4:2 703:3:2 704:1:1 726:2:2 738:5:2 754:1:1 769:3:4 858:3:3 954:2:2 956:1:2 966:1:2 970:0:2 995:2:3 1032:0:2 1090:2:1 1172:0:2 1187:0:2
31	tse:	CL	this:CL	36	202:2:0 294:7:0 394:0:0 475:1:0 482:0:1 524:1:0 524:2:1 549:0:0 554:0:0 559:0:1 564:0:1 567:2:1 568:0:1 574:0:0 575:0:1 576:0:2 581:1:0 618:2:0 646:0:0 669:0:1 674:1:0 674:6:0 682:3:1 703:1:0 710:2:0 738:1:0 765:3:1 774:0:1 842:0:0 852:6:0 873:0:0 1065:0:1 1105:5:1 1154:2:0 1209:0:1 1210:0:1
32	tɕ	GEN	GEN	34	32:2:1 51:1:1 57:1:1 337:1:2 366:0:2 372:2:2 390:3:1 419:0:1 442:0:1 444:1:2 451:1:1 546:2:1 552:6:1 554:0:1 556:3:4 618:4:1 619:1:1 707:0:1 738:3:1 784:1:2 835:2:1 877:3:2 1051:5:1 1055:1:1 1078:5:2 1101:5:2 1103:1:3 1105:3:2 1109:6:2 1177:1:1 1194:1:2 1234:2:1 1246:7:1 1267:2:1
33	te:	CL	DEF:CL	33	74:0:1 85:1:1 86:0:1 90:0:1 194:1:1 212:3:1 216:1:1 220:1:1 231:3:1 234:0:1 268:1:1 276:4:4 290:0:2 293:0:2 298:0:2 305:0:2 352:0:2 353:0:2 366:0:3 372:2:1 469:0:2 776:0:2 854:4:4 934:1:1 936:0:1 973:0:1 1103:1:2 1111:3:2 1112:1:1 1120:0:1 1129:1:1 1140:0:1 1251:1:1
34	te:	DEF	DEF:CL	33	74:0:1 85:1:1 86:0:1 90:0:1 194:1:1 212:3:1 216:1:1 220:1:1 231:3:1 234:0:1 268:1:1 276:4:4 290:0:2 293:0:2 298:0:2 305:0:2 352:0:2 353:0:2 366:0:3 372:2:1 469:0:2 776:0:2 854:4:4 934:1:1 936:0:1 973:0:1 1103:1:2 1111:3:2 1112:1:1 1120:0:1 1129:1:1 1140:0:1 1251:1:1
35	ke:	CL	INDEF:CL	32	1:1:1 18:4:0 59:6:0 94:1:0 130:1:0 152:0:0 173:0:0 204:3:2 205:3:2 225:3:2 233:0:1 235:1:1 256:2:1 282:1:0 293:2:1 294:6:2 359:2:1 363:1:0 452:0:0 486:0:1 487:0:1 499:5:1 556:3:6 583:0:0 693:1:1 875:0:1 916:3:1 917:2:1 918:0:1 984:3:0 988:1:1 995:1:2
36	ke:	INDEF	INDEF:CL	32	1:1:1 18:4:0 59:6:0 94:1:0 130:1:0 152:0:0 173:0:0 204:3:2 205:3:2 225:3:2 233:0:1 235:1:1 256:2:1 282:1:0 293:2:1 294:6:2 359:2:1 363:1:0 452:0:0 486:0:1 487:0:1 499:5:1 556:3:6 583:0:0 693:1:1 875:0:1 916:3:1 917:2:1 918:0:1 984:3:0 988:1:1 995:1:2
37	lɑ	DEF	DEF:one	32	21:1:0 50:2:2 51:2:2 193:3:0 224:0:1 225:0:1 237:2:1 240:1:1 241:0:1 276:1:1 360:1:2 361:0:1 431:3:0 520:5:1 528:7:0 555:1:1 560:0:1 642:2:0 718:6:2 780:3:1 920:0:1 1027:0:1 1034:0:1 1041:0:1 1045:2:1 1115:3:0 1139:0:1 1225:0:1 1233:1:0 1234:5:0 1275:8:1 1276:4:0
38	jə	REP	REP	31	63:3:3 99:4:2 99:7:2 100:4:3 117:2:2 118:1:2 135:2:2 158:3:2 220:2:2 227:0:2 228:3:2 240:2:2 250:2:1 316:1:2 317:2:2 321:0:1 326:1:2 586:1:1 602:1:1 660:2:1 913:2:1 917:3:2 918:1:2 921:3:2 923:2:3 980:2:2 981:0:2 983:4:2 984:2:2 996:7:1 1251:6:2
39	ku	NAR	NAR	31	50:5:2 51:5:2 196:1:3 481:0:3 483:10:1 512:1:1 535:2:1 536:5:2 537:3:1 544:0:1 547:2:1 562:1:1 563:4:1 566:0:1 571:3:2 590:2:2 595:2:1 674:9:2 687:4:1 728:5:1 769:3:3 787:1:1 813:3:1 1106:0:2 1107:3:2 1110:1:3 1111:7:2 1116:2:2 1197:2:1 1202:2:1 1203:5:1
40	kɑ	INDEF	INDEF:one	31	387:0:0 426:2:1 432:0:1 459:2:0 467:1:0 479:1:0 492:0:0 537:2:0 558:3:0 561:5:0 563:3:0 567:9:1 571:2:1 577:1:0 627:1:0 685:7:0 687:3:0 688:0:1 698:1:0 710:5:0 757:3:0 763:3:1 771:1:1 782:2:0 783:3:1 828:3:0 833:2:0 1148:1:0 1157:3:1 1258:3:0 1264:2:1
41	sə	DIR	DIR	31	20:1:0 246:1:0 258:0:0 259:0:0 377:2:0 379:2:0 379:4:0 396:1:0 406:3:0 524:5:0 528:10:0 567:5:0 590:2:0 591:0:0 609:4:0 835:6:0 854:4:0 1010:3:0 1011:1:0 1019:1:0 1020:0:0 1028:3:0 1033:0:0 1039:1:0 1040:1:0 1042:0:0 1199:3:0 1200:1:0 1246:1:0 1260:0:0 1270:0:0
42	mɑ	NEG	NEG	27	18:3:0 94:2:0 125:2:0 152:1:0 173:1:0 200:2:0 299:1:0 313:2:0 322:1:0 583:2:0 603:2:0 604:2:0 703:3:0 733:2:0 826:4:0 828:2:0 851:6:0 858:4:0 877:3:0 892:1:0 897:1:0 954:2:0 956:1:0 1030:2:0 1051:12:0 1091:2:0 1254:2:0
43	he	DIR	DIR	22	145:2:0 304:5:0 306:4:0 342:3:0 396:6:0 469:2:0 476:1:0 498:0:0 499:4:0 546:6:0 568:2:0 570:2:0 571:1:0 761:5:0 819:1:0 839:2:0 839:6:0 1047:1:0 1097:7:0 1173:9:0 1267:4:0 1268:1:0
44	ji	CSM	CSM	20	1:2:1 22:2:2 24:1:1 25:7:3 42:2:1 57:3:2 182:1:2 329:3:2 426:3:1 427:1:1 534:1:1 777:1:1 815:1:3 952:3:1 997:0:1 1020:3:2 1081:2:2 1115:5:2 1121:3:2 1251:6:4
45	tu	DIR	DIR	20	42:1:0 206:5:1 210:1:1 231:5:0 234:2:0 650:2:0 659:0:1 677:1:0 677:2:0 714:2:0 714:3:0 760:4:0 769:3:0 917:3:0 918:1:0 1020:4:0 1165:2:1 1181:1:0 1192:1:1 1274:3:1
46	ʂ	LNK	LNK	20	199:2:2 391:1:1 425:2:2 428:2:2 448:3:2 485:2:3 506:2:1 510:1:3 538:1:3 581:9:1 594:4:1 812:2:1 855:2:1 869:4:2 896:2:1 897:2:3 1100:3:3 1182:2:4 1203:5:2 1209:8:3
47	stũ	PART	PART	19	294:8:3 301:7:2 306:4:3 314:1:3 317:2:4 321:0:3 323:1:3 326:1:4 331:0:4 334:2:3 335:1:3 337:2:3 345:0:2 349:0:2 355:0:2 356:4:3 360:3:2 474:1:2 839:6:3
48	tou	CL	DEF:one:CL	19	60:5:0 63:1:0 72:2:0 100:3:0 101:1:0 145:1:0 179:1:0 184:1:0 191:1:0 205:1:0 212:0:1 212:2:1 213:0:1 228:1:1 230:1:0 231:0:1 524:7:0 528:2:0 662:3:0
49	tou	DEF	DEF:one:CL	19	60:5:0 63:1:0 72:2:0 100:3:0 101:1:0 145:1:0 179:1:0 184:1:0 191:1:0 205:1:0 212:0:1 212:2:1 213:0:1 228:1:1 230:1:0 231:0:1 524:7:0 528:2:0 662:3:0
50	ɦɑtɑ	INT	INT	19	428:0:0 437:0:0 589:0:0 608:0:0 621:0:0 634:0:0 657:0:0 661:0:0 664:0:0 714:0:0 716:0:0 725:0:0 744:0:0 783:0:0 852:5:0 855:0:0 1066:0:0 1150:0:0 1192:2:0
51	de	DIR	DIR	18	30:4:0 32:5:0 34:3:0 50:1:0 50:5:0 51:5:0 276:4:0 356:4:0 375:10:0 375:13:0 376:2:0 563:2:0 660:0:0 786:4:0 795:1:0 797:0:0 800:3:0 845:3:0
52	a	EXCL	EXCL	17	86:1:0 508:0:0 593:0:0 636:0:0 644:0:0 702:0:0 706:0:0 709:0:0 749:0:0 848:0:0 959:1:0 990:0:0 992:0:0 1086:0:0 1089:0:0 1119:0:0 1135:0:0
53	jy	ASP	ASP	17	53:2:2 193:4:3 254:2:2 255:3:2 299:1:2 412:3:3 524:8:1 552:8:2 844:4:1 903:0:1 904:2:2 906:0:1 1099:8:2 1112:3:1 1153:2:2 1159:3:1 1254:2:2
54	thɑ	AUX	AUX	17	228:3:1 373:2:1 390:5:1 407:2:1 510:1:2 579:1:2 580:0:2 696:2:2 815:1:2 842:3:1 876:4:1 919:1:2 1069:15:2 1070:1:2 1076:4:2 1077:0:2 1154:7:2
55	ɦo	DIR	DIR	16	6:0:0 10:1:0 13:2:0 16:5:0 25:7:0 92:1:0 190:2:0 468:3:1 561:2:1 661:3:0 823:1:0 826:1:0 1079:0:0 1081:2:0 1113:4:0 1266:2:1
56	e	DIR	DIR	15	11:2:0 14:1:0 50:0:0 67:1:0 85:2:0 100:4:0 101:2:0 119:2:0 120:1:0 137:1:0 138:1:0 159:4:0 160:1:0 938:1:0 941:2:0
57	nə	DIR	DIR	15	809:2:0 810:1:0 957:0:0 1100:3:0 1101:7:0 1102:1:0 1103:3:0 1104:0:0 1107:3:0 1108:0:0 1111:1:0 1111:6:0 1217:1:0 1263:1:0 1264:1:0
58	wɑ	DTV	DTV	14	79:2:2 899:3:3 902:8:3 909:3:2 924:2:1 926:1:2 929:3:3 1122:5:2 1125:4:3 1180:4:1 1184:5:1 1208:2:3 1210:2:3 1270:6:1
59	do	DIR	DIR	13	198:0:0 530:1:0 556:5:0 558:2:0 573:3:0 594:3:0 632:2:0 686:1:0 689:0:0 691:4:0 692:1:0 851:5:0 1246:10:0
60	la:	CL	DEF:CL	13	222:0:1 246:0:1 249:3:1 252:0:1 260:0:1 261:0:1 938:0:1 980:1:2 1029:2:1 1030:0:1 1037:1:1 1081:2:3 1090:1:1
61	la:	DEF	DEF:CL	13	222:0:1 246:0:1 249:3:1 252:0:1 260:0:1 261:0:1 938:0:1 980:1:2 1029:2:1 1030:0:1 1037:1:1 1081:2:3 1090:1:1
62	ȵi	LNK	LNK	13	20:1:2 42:1:2 44:2:2 273:0:1 292:2:2 327:1:2 342:3:2 465:2:2 761:5:2 902:5:1 978:1:2 1200:1:2 1240:1:3
63	ʐ	CAUS	CAUS	12	3:1:2 36:3:2 43:6:1 46:3:1 251:3:2 470:1:2 533:6:1 682:7:1 921:2:3 1156:2:2 1157:2:2 1228:1:2
64	die	DIR	DIR	11	704:4:0 754:3:0 864:2:0 865:1:0 866:1:0 915:3:0 916:1:0 1011:3:0 1014:2:0 1249:4:0 1251:6:0
65	k	INF	INF	11	282:2:1 369:1:1 441:1:1 451:4:2 599:4:2 973:3:1 994:4:1 1144:3:1 1227:2:3 1230:1:1 1237:4:2
66	lou	CL	DEF:one:CL	11	61:1:0 221:1:1 301:1:1 347:1:1 362:0:1 495:1:0 496:1:0 607:1:0 729:5:0 729:8:0 761:4:0
67	lou	DEF	DEF:one:CL	11	61:1:0 221:1:1 301:1:1 347:1:1 362:0:1 495:1:0 496:1:0 607:1:0 729:5:0 729:8:0 761:4:0
68	wu	ABL	ABL	11	10:0:3 22:0:2 99:0:2 539:0:2 623:0:2 746:0:2 1067:0:1 1108:1:2 1123:0:1 1179:0:1 1216:0:2
69	ɑ?	Q	Q	11	87:1:3 102:3:3 122:2:3 141:2:3 143:1:3 162:2:3 340:2:2 419:3:3 944:2:2 946:2:2 988:2:3
70	ʁa	LOC	LOC	11	29:2:1 37:0:1 222:0:2 228:2:2 230:2:2 246:0:2 249:3:2 252:0:2 260:0:2 261:0:2 536:1:2
71	a!	EXCL	EXCL	10	381:3:0 385:0:0 411:0:0 440:0:0 450:1:0 891:0:0 895:0:0 1176:0:0 1213:0:0 1245:0:0
72	kəpə	HABIT	HABIT	10	65:2:1 91:0:1 92:1:2 110:0:1 148:0:1 170:0:1 379:5:2 380:7:1 499:6:1 599:4:1
73	mə	NEG	NEG	10	276:4:1 330:2:1 331:0:1 343:1:1 348:1:1 351:0:1 406:3:1 854:4:1 858:3:1 921:2:1
74	stu	PART	PART	10	159:4:3 179:4:3 206:5:4 240:2:4 250:2:3 252:1:3 262:3:3 614:0:2 1165:2:5 1211:0:2
75	zu	DIR	DIR	10	80:3:0 95:4:0 97:1:0 115:3:0 132:2:0 155:3:0 175:2:0 176:3:0 520:7:0 522:0:0
76	ha	EXCL	EXCL	9	69:0:0 79:0:0 129:0:0 281:0:0 872:0:0 948:0:0 986:0:0 1038:0:0 1205:0:0
77	jə	CSM	CSM	9	422:4:1 464:4:2 465:1:2 1044:6:2 1109:8:2 1110:1:2 1171:2:2 1195:2:1 1196:2:1
78	zə	DIR	DIR	9	220:2:0 221:2:0 382:2:0 383:1:0 386:1:0 460:2:0 622:2:0 1118:2:0 1259:2:0
79	ŋ̥u̥ə	COP	COP	9	94:2:1 152:1:1 154:2:1 173:1:1 200:2:1 283:4:1 285:2:1 583:2:1 703:3:1
80	ʐə	CAUS	CAUS	9	460:5:1 461:3:1 475:4:1 691:9:2 769:3:2 1022:7:1 1025:1:1 1209:8:2 1227:2:2
81	ha!	EXCL	EXCL	8	121:0:0 140:0:0 151:0:0 161:0:0 415:0:0 418:0:0 421:0:0 1247:0:0
82	kei	NAR	NAR	8	58:6:1 100:4:4 179:4:2 257:3:1 720:1:2 722:2:2 958:1:2 1000:1:2
83	mo	NEG	NEG	8	43:7:0 194:2:0 195:1:0 204:3:0 205:3:0 753:1:1 921:3:0 1091:1:0
84	tɑ	DAT	DAT	8	221:1:2 590:1:2 622:1:2 656:2:2 693:0:1 724:0:1 784:3:2 1165:0:2
85	wei	HS	HS	8	6:0:3 14:1:2 30:4:2 32:5:3 38:1:2 40:4:2 46:5:2 48:4:1
86	ȵi	WH	WH	8	1:1:0 87:0:0 102:2:0 122:1:0 141:1:0 143:0:0 162:1:0 359:2:0
87	du	DIR	DIR	7	46:5:0 256:3:0 257:0:0 857:2:0 857:4:0 859:3:0 913:1:0
88	hɑ	PART	PART	7	556:5:3 615:8:2 625:9:3 682:7:3 737:4:2 760:6:3 978:2:3
89	i	HS	HS	7	2:3:1 16:5:2 44:3:1 262:3:2 614:0:1 957:0:3 989:0:1
90	le	DEF	DEF	7	250:0:1 251:0:1 1078:4:0 1166:1:3 1201:2:1 1202:1:1 1268:0:3
91	lə	LOC	LOC	7	207:1:1 208:0:1 208:1:1 209:0:1 209:1:1 229:1:1 665:0:1
92	pɑ	DTV	DTV	7	197:1:3 198:0:4 650:2:3 857:4:3 905:3:3 907:2:3 1013:2:3
93	tɑ	DEF	DEF:one	7	661:1:1 727:2:0 728:4:0 1149:0:1 1173:4:1 1242:1:2 1259:1:2
94	ɦa	DIR	DIR	7	28:2:0 56:1:0 1020:3:0 1051:10:0 1052:2:0 1059:1:0 1060:1:0
95	da	DIR	DIR	6	20:3:0 239:1:0 240:2:0 268:3:0 277:2:0 284:1:0
96	ji	HS	HS	6	560:1:2 561:6:2 685:8:2 985:0:1 999:7:1 1092:0:1
97	lɑ	INDTV	INDTV:1sg	6	133:1:2 154:2:2 176:3:2 285:2:2 649:1:2 1010:3:2
98	o	DIR	DIR	6	76:2:0 676:1:0 676:2:0 715:1:0 715:2:0 776:2:0
99	tɕi	CON	CON	6	32:5:1 34:3:1 583:1:0 1039:1:1 1040:1:1 1241:4:2
100	ze	CL	CL	6	610:2:2 931:4:1 972:3:1 996:6:2 1035:0:1 1249:2:1
101	zi	CL	CL	6	2:2:1 8:3:1 16:3:1 364:1:1 365:1:1 460:1:1
102	ɑ:	PRS	1sg:PRS	6	80:3:2 95:4:2 97:1:2 115:3:2 155:3:2 175:2:2
103	ʂɑ	HORT	HORT	6	489:2:1 757:4:1 803:2:1 962:1:2 975:1:1 1090:3:2
104	a	INT	INT	5	490:0:0 540:0:0 550:0:0 617:0:0 630:0:0
105	e:	CL	one:CL	5	276:3:0 594:1:0 684:1:1 789:3:0 973:2:0
106	ji	EXC	EXC	5	152:0:1 173:0:1 583:1:3 1030:0:2 1037:1:2
107	stun	PART	PART	5	669:2:2 672:0:3 767:1:4 1204:2:3 1223:0:2
108	w	VIS	VIS	5	781:2:1 782:1:1 782:3:1 783:4:1 939:3:1
109	xʂe	CL	CL	5	9:2:1 11:1:1 13:1:1 231:4:2 255:1:1
110	ɸi	CL	CL	5	622:5:1 625:1:1 625:2:1 625:4:1 666:1:1
111	bɑ	DTV	DTV	4	290:1:3 352:1:3 353:3:3 354:1:3
112	dzɑ:	PRS	eat:PRS	4	90:2:0 109:2:0 127:2:0 1053:1:0
113	i	CSM	CSM	4	146:3:2 146:6:2 166:3:2 166:6:2
114	lɑ:	CL	DEF:CL	4	706:3:1 707:1:1 707:2:2 757:1:2
115	lɑ:	DEF	DEF:CL	4	706:3:1 707:1:1 707:2:2 757:1:2
116	ou	CL	one:CL	4	76:4:0 89:3:0 104:2:0 372:4:0
117	ta:	DIR	DIR:INDTV	4	909:3:0 929:3:0 1123:4:0 1125:4:0
118	ta:	INDTV	DIR:INDTV	4	909:3:0 929:3:0 1123:4:0 1125:4:0
119	thə	AUX	AUX	4	363:0:1 374:0:1 376:7:1 391:0:1
120	wɑ?	Q	Q	4	86:3:2 422:4:2 950:3:1 1082:2:2
121	zə	CL	CL	4	492:0:1 962:0:1 964:0:1 965:1:1
122	ɑ	DIR	DIR	4	36:3:0 437:6:0 438:3:0 880:1:0
123	ɦa	EXCL	EXCL	4	165:0:0 192:0:0 289:0:0 834:0:0
124	ɦɑlə	INT	INT	4	379:1:0 1012:0:0 1220:0:0 1224:0:0
125	ɦɑtə	INT	INT	4	581:6:0 847:0:0 1226:1:0 1242:0:0
126	ʂɑ	LNK	LNK	4	1039:1:3 1051:8:2 1051:12:3 1053:1:2
127	ha	INT	INT	3	980:3:0 1022:8:0 1051:0:0
128	jə	EXC	EXC	3	94:1:1 104:2:1 125:1:1
129	kou	CL	INDEF:one:CL	3	58:1:0 58:5:0 107:2:1
130	kou	INDEF	INDEF:one:CL	3	58:1:0 58:5:0 107:2:1
131	kuɑ	NAR	NAR	3	560:1:1 561:6:1 685:8:1
132	kɑ:	PRS	go:PRS	3	893:0:0 944:2:0 946:2:0
133	kɑ:	PRS	go:PRS:1sg	3	934:3:0 936:2:0 949:3:0
134	kə	INF	INF	3	485:2:2 704:4:2 1074:2:2
135	la:	CL	DEF:one:CL	3	489:1:1 509:0:1 609:5:0
136	la:	DEF	DEF:one:CL	3	489:1:1 509:0:1 609:5:0
137	lɑ:	PRS	come:PRS	3	74:4:0 147:4:1 169:3:1
138	lɑw	CL	DEF:one:CL	3	298:2:1 300:0:1 302:0:1
139	lɑw	DEF	DEF:one:CL	3	298:2:1 300:0:1 302:0:1
140	lɑw	DEF	DEF:one:pile	3	213:2:1 236:0:1 237:0:1
141	lə	DEF	DEF	3	8:3:0 16:3:0 999:3:1
142	qəpɑtʂɑ:	LOC	head:LOC	3	216:1:2 218:2:2 264:2:0
143	ta	INT	INT	3	974:0:0 993:0:0 1143:0:0
144	tɕ	NOM	NOM	3	431:5:1 759:6:1 779:2:1
145	tɕə	GEN	GEN	3	982:6:1 1064:4:2 1100:1:1
146	tə	RESULT	RESULT	3	381:0:1 516:0:1 520:0:1
147	ŋuɑ	COP	COP:1sg	3	107:3:0 125:2:1 707:3:1
148	ŋuɑ?	Q	Q	3	829:3:1 1087:1:2 1206:6:1
149	ȵi:	WH	WH	3	70:0:0 70:1:0 988:1:0
150	ɑ	EXCL	EXCL	3	658:0:0 699:0:0 752:0:0
151	ɑ:	DIR	DIR:INDTV	3	899:3:0 928:4:0 1122:5:0
152	ɑ:	INDTV	DIR:INDTV	3	899:3:0 928:4:0 1122:5:0
153	ɑ:	PRS	PRS	3	25:7:2 329:3:1 521:2:1
154	əs	NOM	NOM	3	276:4:3 583:1:2 786:4:2
155	a	DIR	DIR	2	978:1:0 1109:4:0
156	a:	EXCL	EXCL	2	94:0:0 102:0:0
157	hi	EXCL	EXCL	2	219:0:0 619:0:0
158	hi!	EXCL	EXCL	2	73:0:0 113:0:0
159	jy	ASP	ASP:EVID	2	1249:4:2 1252:0:2
160	jy	EVID	ASP:EVID	2	1249:4:2 1252:0:2
161	jə	HS	HS	2	1142:0:4 1264:3:1
162	ka:	CL	INDEF:one:CL	2	424:4:1 763:0:1
163	ka:	INDEF	INDEF:one:CL	2	424:4:1 763:0:1
164	kuai	NAR	NAR	2	763:6:1 767:1:3
165	kɑ:	INF	INF:PRS	2	1115:5:1 1121:3:1
166	kɑ:	PRS	INF:PRS	2	1115:5:1 1121:3:1
167	lo	DEF	DEF:one	2	247:0:1 248:0:1
168	lɑχ	DEF	DEF:one:kind	2	448:1:0 813:1:0
169	ləzzi	CL	DEF:two:CL	2	1246:9:0 1270:2:0
170	ləzzi	DEF	DEF:two:CL	2	1246:9:0 1270:2:0
171	ma	NEG	NEG	2	960:4:0 961:4:0
172	mu	NEG	NEG	2	6:0:1 1163:2:1
173	qu	CL	CL	2	247:0:2 248:0:2
174	ste	CL	CL	2	1201:2:2 1202:1:2
175	su	DIR	DIR	2	249:4:0 1243:2:0
176	ta:	CL	DEF:CL	2	228:2:1 230:2:1
177	ta:	DEF	DEF:CL	2	228:2:1 230:2:1
178	te	DIR	DIR	2	55:1:0 1095:3:0
179	ti	DIR	DIR	2	33:1:0 50:4:0
180	tsou	CL	this:one:CL	2	221:0:0 663:0:1
181	tɕe	CON	CON	2	314:1:0 323:1:0
182	tɕi	ADV	ADV	2	235:1:2 256:2:2
183	tɕi	CL	CL	2	250:0:2 251:0:2
184	tɕi	EXC	EXC	2	89:3:1 200:2:2
185	tɕi?	Q	Q	2	973:3:3 994:4:3
186	tɕɑ:	LOC	where:LOC	2	1082:1:0 1161:3:0
187	wu	INST	INST	2	20:0:2 375:6:1
188	wu	VIS	VIS	2	726:2:1 727:3:1
189	ŋueʴ	COP	COP:1pl	2	680:1:1 716:8:1
190	ȵiɑu	PART	PART	2	224:2:2 233:1:2
191	ɑ:ʴ	PRS	PRS:1pl	2	973:3:2 994:4:2
192	əm	NOM	NOM	2	497:0:1 663:1:1
193	ɦei	DIR	DIR	2	9:3:0 292:2:0
194	ɦɑ:	INT	INT	2	314:0:0 339:0:0
195	a:	INDTV	INDTV	1	510:1:0
196	a:	INT	INT	1	274:0:0
197	e!	EXCL	EXCL	1	1141:0:0
198	e:!	EXCL	EXCL	1	1021:1:0
199	fən	CL	CL	1	911:1:2
200	ha	DIR	DIR	1	1069:10:0
201	hai	EXCL	EXCL	1	958:0:0
202	hai!	EXCL	EXCL	1	1265:0:0
203	hai!	INT	INT	1	611:0:0
204	ho	DIR	DIR	1	1253:2:0
205	hüa	EXCL	EXCL	1	1114:0:0
206	hɑ	EXCL	EXCL	1	799:0:0
207	hɑtu	INT	INT	1	822:2:0
208	j	CSM	CSM	1	1215:2:1
209	ja	CSM	CSM:1sg	1	195:1:2
210	ja	REP	REP	1	168:2:2
211	ja	REP	REP:1sg	1	488:2:2
212	jy123	ASP	ASP	1	1113:1:1
213	jya	ASP	ASP:1sg	1	851:6:2
214	jyɑ	ASP	ASP:1sg	1	858:4:2
215	jɑ	CSM	CSM:1sg	1	803:0:2
216	jɑ	INT	INT	1	840:1:0
217	ka:	INF	INF:PRS	1	1251:6:3
218	ka:	PRS	INF:PRS	1	1251:6:3
219	ka:	PRS	go:PRS	1	1082:2:0
220	ke	INDEF	INDEF	1	996:6:1
221	kou	CL	DEF:one:CL	1	125:1:0
222	kou	DEF	DEF:one:CL	1	125:1:0
223	ku	EMPH	go:EMPH	1	928:4:2
224	kuo	CL	CL	1	888:4:0
225	kuə	NAR	NAR	1	772:3:1
226	kə:	INF	INF	1	1231:1:1
227	kəzzi	CL	INDEF:two:CL	1	1243:4:1
228	kəzzi	INDEF	INDEF:two:CL	1	1243:4:1
229	louqpi	DEF	DEF:one:family	1	889:3:0
230	lɑ	CL	CL	1	190:1:1
231	lɑ:	CL	DEF:one:CL	1	648:1:1
232	lɑ:	DEF	DEF:one:CL	1	648:1:1
233	lɑw	DEF	DEF:one.pile	1	239:0:1
234	lə	CL	CL	1	561:0:1
235	lə114	CL	CL	1	561:1:1
236	meʴwu	NOM	NOM:all	1	653:1:1
237	mi	INT	INT	1	674:7:0
238	mə:ʴwu	NOM	NOM:all	1	514:1:1
239	ne	DIR	DIR	1	958:1:0
240	ne:	CL	DEF:CL	1	581:3:1
241	ne:	DEF	DEF:CL	1	581:3:1
242	nu	DIR	DIR	1	379:5:0
243	nɑ	IMP	IMP	1	538:1:2
244	pɑ	DVT	DVT	1	1015:1:3
245	pɑ:	PRS	become:PRS	1	63:3:2
246	pɑ:	PRS	buy:PRS	1	1087:1:0
247	pɑ:	PRS	do:PRS	1	1182:2:1
248	qəta:	PRS	beat.to.death:PRS	1	202:3:0
249	qətia:	PRS	kill:PRS	1	1182:3:0
250	s	COMP	COMP	1	706:1:1
251	sɑ	CL	CL	1	780:3:2
252	ta:	CL	DEF:one:CL	1	536:1:1
253	ta:	DEF	DEF:one:CL	1	536:1:1
254	thou	CL	that:one:CL	1	313:0:0
255	tsəizzi	CL	this:two:CL	1	1275:4:1
256	tsəzzi	CL	this:two:CL	1	1246:4:0
257	tu118	LNK	LNK	1	791:2:2
258	tɑ:	INDTV	INDTV	1	902:8:0
259	tɑu	CL	CL	1	356:3:2
260	tɕ	BEN	BEN	1	380:1:2
261	tɕi	NAR	NAR	1	406:3:3
262	tɕo	CON	CON	1	226:5:0
263	tɕɑl	LOC	where:LOC	1	1254:0:0
264	tʂ	CL	CL	1	4:3:1
265	tʂɑ	CL	CL	1	999:3:3
266	u	VIS	VIS	1	1171:2:3
267	wa	EMPH	EMPH	1	202:3:1
268	wu	LNK	LNK	1	276:4:5
269	wu111	AGT	AGT	1	463:5:3
270	wɑ	DVT	DVT	1	1123:4:2
271	wɑ	Q	Q	1	70:1:2
272	wɑ105	Q	Q	1	70:0:2
273	x	INF	INF	1	448:3:1
274	xtʂəpɑ:	PRS	get.dark:PRS	1	167:0:1
275	ŋuɑ	Q	Q	1	492:2:2
276	ŋuɑ121	VIS	VIS:1sg	1	952:2:1
277	ŋuəi?	Q	Q	1	633:1:1
278	ŋuəȵi	INT	INT	1	406:4:0
279	ŋ̥u̥ə̥	COP	COP	1	18:3:1
280	ȵa	WH	WH:one	1	665:4:0
281	ȵe	WH	WH:one	1	666:1:0
282	ȵi	DIR	DIR	1	268:2:0
283	ȵi104	ADV	ADV	1	55:1:2
284	ȵi110	ADV	ADV	1	375:10:2
285	ȵike	COM	COM:thus	1	712:0:1
286	ȵiɑu	LNK	LNK	1	1275:1:2
287	ɑ	INT	INT	1	757:0:0
288	ɑz	CL	one:CL	1	706:2:0
289	ɕa:	INDTV	INDTV	1	283:4:0
290	ɕɑ:	INDTV	INDTV	1	707:3:0
291	əi	HS	HS	1	3:1:3
292	ək	INF	INF	1	46:3:2
293	ɦa	INT	INT	1	763:0:0
294	ɦa!	EXCL	EXCL	1	1250:0:0
295	ɦala	INT	INT	1	82:1:0
296	ɦɑta	INT	INT	1	582:0:0
297	ɦɑthɑ	INT	INT	1	375:3:0
298	ʁɑ112	LOC	LOC	1	554:0:2
299	ʁə	LOC	LOC	1	54:1:1
300	ʂu	DTV	DTV	1	39:4:2
301	ʂəʂe:ʴwu	REDUP	exist:REDUP:all	1	206:3:0
302	ʂəʂə:ʴwu	REDUP	exist:REDUP:all	1	188:1:0
303	ʐa:	PRS	exist:PRS	1	1181:2:0
304	ʐgu	CL	CL	1	5:1:1
305	ʐɑ	CAUS	CAUS:1sg	1	277:2:2
306	ʐɑ:?	CAUS	CAUS:PRS:1pl	1	969:3:1
307	ʐɑ:?	PRS	CAUS:PRS:1pl	1	969:3:1
308	ʐ̥ə	CAUS	CAUS	1	284:1:2
309	χɬɑ:	PRS	cross:PRS	1	542:1:1
