ID	FORM	GLOSS	GLOSS_IN_SOURCE	OCCURRENCE	REF
1	jə	say	say	139	43:1:0 55:0:0 59:1:0 60:1:0 60:7:0 61:0:0 70:1:0 71:0:0 72:0:0 75:2:0 77:1:0 85:1:0 86:0:1 92:6:0 93:16:0 100:2:0 102:1:0 112:9:0 128:0:0 129:0:0 131:2:0 138:1:0 146:1:0 154:1:0 171:1:0 173:1:0 187:0:0 196:0:0 211:1:0 217:0:0 230:2:0 232:2:0 235:2:0 244:1:0 244:6:0 253:1:0 259:0:1 264:0:0 274:1:0 294:1:0 311:1:0 328:0:0 344:2:0 364:1:0 367:0:0 368:1:0 371:1:0 375:7:0 378:0:0 379:1:0 382:0:0 383:1:0 386:5:0 393:0:0 394:1:0 396:1:0 400:5:0 404:1:0 409:1:0 415:0:0 415:3:0 419:0:0 420:1:0 424:1:0 429:0:0 435:0:0 435:1:0 440:1:0 461:1:0 553:2:0 554:0:0 560:1:0 561:0:0 564:1:0 577:0:0 577:3:0 578:0:0 584:1:0 599:1:0 602:1:0 607:1:0 624:4:0 632:1:0 634:0:0 644:1:0 663:7:0 676:0:0 680:1:0 681:0:0 694:1:0 697:0:0 716:2:0 721:0:0 722:1:0 727:0:0 727:4:0 728:5:0 729:0:0 729:4:0 732:0:0 733:0:0 738:1:0 743:5:0 747:1:0 754:1:0 757:0:0 762:1:0 778:1:0 779:0:0 792:0:0 815:1:0 836:0:0 837:1:0 838:3:0 840:1:0 859:1:1 871:0:0 871:7:0 875:0:0 875:3:0 877:0:0 878:2:1 883:2:0 884:0:0 901:0:0 902:0:0 904:0:0 905:1:0 913:3:3 916:1:0 918:0:0 918:2:1 935:1:0 936:0:0 937:0:0 937:3:0 944:1:0 980:0:0 988:0:0
2	qɑ	1sg	1sg	111	41:4:0 54:9:0 57:3:0 58:1:0 60:3:0 61:1:0 62:2:0 65:2:0 66:1:0 73:6:0 77:0:0 82:4:0 95:1:0 194:1:0 214:5:0 215:2:0 226:1:0 237:2:0 259:1:0 260:1:0 261:1:0 273:1:0 282:1:0 284:1:0 287:2:0 289:1:0 290:2:0 291:2:0 292:1:0 293:2:0 310:4:0 324:1:0 330:0:0 330:3:0 343:0:0 343:1:0 345:2:0 346:1:0 365:4:0 367:1:0 367:4:0 370:2:0 375:9:0 376:2:0 380:2:0 386:6:0 391:2:0 393:1:0 395:2:0 400:8:0 403:2:0 407:1:0 416:1:0 417:4:0 419:1:0 422:1:0 423:2:0 430:1:0 433:3:0 438:1:0 439:2:0 453:2:0 551:3:0 552:1:0 557:1:0 559:1:0 595:1:0 596:1:0 598:1:0 601:1:0 604:1:0 605:1:0 606:1:0 642:1:0 651:4:0 655:0:0 656:1:0 658:2:0 659:1:0 663:1:0 685:2:0 688:2:0 689:1:0 692:3:0 693:8:0 699:3:0 710:1:0 715:3:0 728:1:0 729:1:0 730:2:0 732:1:0 735:3:0 736:3:0 744:3:0 756:1:0 758:1:0 760:3:0 773:1:0 774:3:0 776:5:0 790:5:0 809:2:0 858:1:0 866:4:0 868:4:0 872:3:0 874:0:0 875:7:0 882:1:0 970:1:0
3	kə	thus	thus	66	41:5:1 43:2:1 64:1:1 67:1:1 68:1:1 70:2:1 73:2:1 73:4:1 75:1:1 86:0:0 95:2:1 99:0:1 99:1:1 112:10:1 128:1:1 131:1:1 146:2:1 146:4:1 146:8:1 147:1:1 172:2:1 187:1:1 187:3:1 195:2:1 199:4:0 244:5:1 259:0:0 331:6:1 344:1:1 375:6:0 386:4:0 400:4:0 414:4:0 415:2:0 428:4:0 455:1:1 492:0:0 521:0:0 530:0:0 553:3:1 560:2:1 623:1:1 651:1:1 651:5:1 680:2:1 699:1:0 716:1:1 758:3:1 761:9:0 778:2:1 832:2:0 843:3:1 859:2:1 870:1:1 871:6:1 875:2:1 878:2:0 883:3:1 899:5:1 900:1:1 901:1:1 918:2:0 935:2:1 943:1:0 943:2:1 992:10:1
4	hɑn	kind	kind	63	39:1:1 55:2:2 63:3:2 66:2:2 66:4:2 68:4:1 69:1:2 89:3:1 92:0:1 93:18:1 103:2:1 135:6:2 147:3:1 155:6:1 164:4:1 166:1:2 167:6:1 169:4:1 171:11:2 174:3:2 178:4:1 221:2:1 235:0:1 266:8:1 268:4:1 269:1:2 272:1:2 277:2:1 287:6:1 297:1:1 301:3:1 302:5:1 328:4:1 333:4:2 340:2:2 340:5:1 347:6:1 348:4:2 551:2:2 636:4:1 640:3:1 660:2:1 674:3:1 676:6:1 676:11:1 688:3:1 708:0:2 744:7:1 787:0:1 804:3:2 858:4:1 885:2:1 893:0:1 893:7:2 925:2:1 933:6:1 953:0:1 953:6:1 970:2:1 975:4:1 981:3:2 992:0:2 992:5:1
5	ɑ	one	one	59	30:3:0 30:6:0 39:4:0 44:0:0 46:0:0 58:4:0 59:4:0 82:6:0 112:3:0 118:1:0 132:2:0 148:1:0 167:1:0 167:2:0 182:5:0 185:6:0 192:1:0 194:3:1 198:0:0 202:0:0 225:1:0 226:2:1 234:1:0 234:2:0 274:4:0 282:10:0 297:0:0 301:1:0 301:2:0 302:3:0 302:4:0 316:2:0 325:3:0 450:2:0 492:1:0 528:1:0 535:2:0 607:5:1 613:1:0 615:1:0 617:1:0 624:2:0 624:5:0 626:4:0 679:2:0 703:0:1 718:1:0 738:2:0 739:2:0 795:2:0 799:1:0 897:1:0 904:4:0 910:0:0 911:3:0 915:4:0 932:2:0 978:2:0 986:5:0
6	χaiʂə	still is)	†(still.is)	54	31:4:0 34:1:0 35:3:0 35:5:0 38:0:0 105:0:0 107:1:0 107:12:0 134:0:0 179:1:0 199:2:0 237:1:0 258:9:0 266:5:0 274:3:0 281:0:0 290:1:0 293:7:0 294:4:0 294:7:0 330:2:0 331:10:0 335:1:0 351:3:0 383:3:0 384:1:0 400:7:0 480:2:0 483:1:0 609:1:0 682:1:0 684:1:0 692:1:0 700:3:0 701:1:0 703:1:0 704:3:0 708:1:0 719:0:0 855:3:0 889:1:0 890:1:0 891:4:0 896:3:0 902:2:0 916:3:0 919:4:0 925:1:0 949:1:0 951:1:0 956:0:0 959:1:0 972:1:0 992:9:0
7	ʐmətʂi	emperor	emperor	50	23:3:0 25:2:0 79:0:0 80:1:0 123:2:0 142:6:0 162:2:0 162:4:5 163:1:0 164:1:0 175:2:0 182:3:0 185:3:0 190:2:0 193:0:0 211:5:0 220:7:0 224:0:0 244:4:0 258:6:0 265:1:0 271:3:0 322:1:0 339:2:0 341:0:0 347:8:0 349:2:0 350:2:0 351:1:0 628:2:0 629:1:0 631:6:0 640:0:0 640:1:0 645:1:0 656:3:0 684:3:0 684:6:0 821:0:0 850:5:0 889:2:0 899:4:0 905:3:0 918:1:0 920:1:0 927:5:0 927:7:0 931:2:0 938:1:0 939:2:0
8	ʐi	exist	exist	48	28:0:0 46:7:1 62:1:0 74:3:0 90:6:0 91:0:0 101:0:0 110:0:0 110:2:0 117:7:0 144:4:0 145:0:0 145:7:0 154:0:0 157:0:0 173:0:0 208:8:0 212:0:0 213:0:0 249:0:0 269:0:0 270:0:0 274:0:0 299:0:1 353:3:1 353:6:1 388:0:1 389:0:1 389:2:1 400:12:1 401:0:1 455:4:0 462:5:0 467:0:0 479:0:0 492:0:1 505:0:0 537:3:0 573:0:0 669:0:0 676:9:0 761:8:0 808:0:0 809:0:0 827:4:0 828:0:0 928:3:0 970:0:1
9	kə	go	go	45	95:0:3 103:0:2 103:1:2 106:0:2 130:3:1 142:13:1 147:0:1 152:0:2 169:7:1 170:1:1 178:2:2 178:3:2 202:2:2 227:4:2 228:0:2 257:0:2 276:0:2 295:1:1 295:3:1 297:2:1 325:4:2 337:0:2 358:2:0 360:0:0 385:0:2 521:6:0 531:2:0 574:5:1 575:4:1 596:2:1 623:0:0 624:0:0 631:8:0 639:0:2 679:3:0 702:0:0 747:0:0 828:6:1 828:9:1 881:0:2 954:0:0 955:0:0 960:0:2 962:0:2 971:2:0
10	lə	also	also	40	108:2:0 114:4:0 115:2:0 116:2:0 230:3:0 232:3:0 248:3:0 248:6:0 353:2:0 353:5:0 387:2:0 388:2:0 400:11:0 400:14:0 416:3:0 416:6:0 430:3:0 430:6:0 432:2:0 444:2:0 445:3:0 446:2:0 461:4:0 507:2:0 508:3:0 557:4:0 622:3:0 679:4:0 729:8:0 758:2:0 776:2:0 790:3:0 852:3:0 891:6:0 898:2:0 904:7:0 919:9:0 920:2:0 967:2:0 968:4:0
11	n	2sg	2sg	40	60:6:2 144:0:2 149:0:1 240:0:2 273:0:2 289:0:2 344:0:2 375:6:2 386:4:2 400:4:2 414:4:2 415:2:2 428:4:2 457:0:2 458:0:3 564:0:2 595:3:1 598:0:3 604:0:3 605:0:2 606:0:2 607:0:2 656:0:2 663:0:2 696:0:2 698:0:2 726:3:1 756:3:2 773:0:2 776:3:2 778:0:2 790:4:2 791:0:2 809:9:1 810:0:2 811:0:3 812:0:1 813:0:2 814:0:1 815:0:2
12	ʔũ	2sg	2sg	39	330:1:0 343:2:0 370:3:0 375:3:0 380:3:0 382:1:0 386:2:0 395:3:0 400:2:0 408:1:0 414:2:0 422:2:0 423:3:0 428:2:0 438:2:0 439:3:0 551:1:0 552:2:0 558:1:0 597:1:0 637:1:0 655:1:0 662:2:0 679:1:0 726:1:0 727:1:0 728:6:0 730:1:0 735:1:0 736:1:0 744:1:0 756:0:0 760:1:0 772:1:0 776:1:0 777:1:0 872:1:0 875:5:0 896:1:0
13	qɑ	go	go	38	54:4:2 92:8:1 255:0:1 360:3:1 360:4:1 361:0:1 397:1:1 409:3:1 426:1:1 426:2:1 482:0:1 482:1:1 490:0:1 499:0:1 511:0:1 512:0:1 515:0:1 567:0:1 568:0:1 569:0:1 581:0:1 590:1:2 609:0:1 666:2:1 666:3:1 667:0:1 668:1:1 722:3:1 723:0:1 748:4:1 748:5:1 828:7:1 829:0:1 844:9:1 845:0:1 893:3:1 893:6:1 934:0:1
14	thɑ	there	there	38	40:2:1 55:1:1 138:5:1 142:9:1 152:1:1 153:2:0 156:2:0 162:3:1 166:0:1 208:2:1 208:7:1 211:4:1 227:5:1 251:1:1 263:0:1 271:9:0 274:7:0 288:1:1 303:1:1 309:4:0 342:0:1 351:4:1 467:5:0 478:2:0 504:2:0 572:7:0 719:1:1 761:2:1 785:1:1 803:1:1 826:1:0 827:7:0 828:5:1 905:5:1 907:0:1 927:1:1 928:1:1 982:3:1
15	qə	go	go	37	155:2:1 202:3:1 254:0:1 295:2:1 296:0:1 297:3:1 373:0:1 374:0:1 383:6:1 384:0:1 396:3:1 397:0:1 398:0:1 410:0:1 411:0:1 426:0:1 496:0:1 497:0:1 500:0:1 514:4:1 514:6:1 566:9:1 572:0:1 618:0:1 725:0:1 748:3:1 749:0:1 763:0:1 766:0:1 806:3:1 807:0:1 819:4:1 820:0:1 828:10:1 944:0:1 948:0:1 948:2:1
16	s	day	day	37	17:0:1 30:3:1 30:6:1 39:4:1 44:0:1 46:0:1 112:3:1 112:4:1 118:1:1 132:2:1 142:8:1 181:3:1 182:1:1 188:1:1 192:1:1 198:0:1 202:0:1 234:1:1 234:2:1 247:5:2 283:0:1 295:0:3 297:0:1 617:1:1 657:1:2 718:1:1 886:1:2 905:6:2 923:0:1 956:4:1 958:2:1 960:1:1 960:3:1 961:2:1 961:2:3 976:2:1 976:2:3
17	meʴʐ	seek	seek	36	102:2:1 130:3:0 156:0:1 169:7:0 170:1:0 171:3:1 184:2:1 274:5:1 295:0:1 484:0:0 485:2:0 631:7:0 645:6:0 652:0:0 658:3:0 694:0:1 699:4:1 710:2:0 712:1:0 716:0:1 719:3:0 721:2:0 728:3:0 769:0:1 828:6:0 828:9:0 828:12:0 836:3:0 867:0:1 869:0:1 875:9:0 877:2:0 953:7:0 954:1:0 956:2:1 958:0:1
18	tse:	this	this:CL	36	44:1:0 100:4:0 107:0:1 138:3:0 138:4:1 159:0:0 161:1:0 165:1:1 169:6:1 171:4:1 172:1:1 177:0:0 177:1:1 178:1:2 182:2:0 214:3:0 237:0:0 253:2:1 258:2:0 258:7:0 264:4:1 282:2:0 287:3:0 310:2:0 335:0:1 341:1:1 460:3:0 566:8:0 647:1:0 658:0:0 674:1:0 822:0:1 850:6:1 891:3:0 933:1:1 934:1:1
19	lɑ	one	DEF:one	32	17:0:0 68:4:0 135:6:1 142:8:0 162:0:1 166:1:1 235:0:0 295:0:2 346:4:1 453:4:0 478:1:1 479:1:1 491:3:1 494:2:1 495:1:1 538:3:2 539:3:2 551:2:1 610:2:2 610:5:1 708:0:1 788:0:1 794:0:1 801:0:1 804:3:1 858:4:0 879:0:1 945:1:1 953:0:0 953:6:0 992:0:1 992:5:0
20	kɑ	one	INDEF:one	31	39:1:0 63:3:1 69:1:1 89:3:0 93:18:0 103:2:0 112:5:0 147:3:0 164:4:0 167:6:0 169:4:0 171:11:1 174:3:1 178:4:0 221:2:0 266:8:0 268:4:0 269:1:1 277:2:0 287:6:0 328:4:0 333:4:1 340:2:1 347:6:0 348:4:1 636:4:0 640:3:0 885:2:0 893:7:1 975:4:0 981:3:1
21	pe	become	become	26	1:2:0 15:0:0 89:0:0 363:1:1 364:0:1 375:4:1 443:0:0 537:5:0 684:0:0 690:3:0 692:0:0 693:3:0 705:0:0 710:0:0 712:0:0 714:0:0 717:0:0 820:3:0 825:7:0 844:0:0 859:0:0 865:0:0 865:2:0 870:0:0 963:0:0 964:0:0
22	tsəi	this manner	this.manner	26	14:0:1 30:10:1 35:6:1 101:3:1 160:11:1 160:14:1 264:3:1 275:4:1 293:8:1 318:1:1 331:1:1 462:3:1 471:0:0 537:0:1 540:1:1 672:8:1 673:1:1 673:3:1 697:2:1 744:6:0 760:7:1 843:1:1 845:8:1 856:3:1 861:1:1 863:2:1
23	thɑnkhemu	Thɑnkhemu	Thɑnkhemu	26	695:3:0 697:1:0 716:4:0 725:4:0 725:6:0 729:5:0 734:1:0 740:1:0 744:0:0 768:1:0 780:1:0 788:1:0 822:2:0 828:2:0 833:2:0 844:2:0 847:2:0 853:1:0 860:2:0 872:0:0 888:0:0 946:0:0 953:1:0 964:7:0 983:1:0 992:1:0
24	tʂi	son	son	25	27:4:0 31:7:0 41:4:2 44:3:0 51:0:0 51:2:0 52:2:0 53:1:0 54:2:0 54:10:0 56:0:0 60:3:2 77:0:2 82:4:2 95:1:3 160:2:0 655:0:1 664:1:0 683:1:0 690:2:0 693:2:0 709:4:0 713:1:0 716:9:0 970:1:1
25	thɑ	that // one	that:one	25	55:2:1 92:0:0 107:13:0 155:6:0 272:1:1 297:1:0 340:5:0 455:5:0 486:1:0 574:0:1 591:0:1 657:1:1 660:2:0 674:3:0 676:6:0 676:11:0 688:3:0 744:7:0 780:0:0 787:0:0 893:0:0 923:0:0 925:2:0 933:6:0 970:2:0
26	χui	time	time	25	87:0:2 107:13:1 158:0:2 161:0:2 162:0:2 175:0:2 223:0:2 256:0:2 257:1:1 310:1:1 320:0:2 443:1:1 450:0:1 486:1:1 498:0:1 507:0:2 574:0:2 591:0:2 662:0:2 780:0:1 788:0:2 794:0:2 801:0:2 879:0:2 945:1:2
27	zei	cry	cry	24	359:1:0 359:2:1 372:1:1 375:6:1 383:4:1 383:5:1 383:7:1 383:8:1 386:4:1 400:4:1 414:4:1 415:2:1 425:2:1 425:3:1 428:4:1 566:5:1 566:6:1 566:7:1 572:5:1 572:6:1 579:2:1 585:2:1 595:3:0 595:4:0
28	ep	father	father	24	353:1:0 389:1:0 400:10:0 416:2:0 430:2:0 719:2:0 721:1:0 723:5:0 724:1:0 728:2:0 728:7:0 729:1:1 729:7:0 744:8:0 745:1:0 855:4:1 855:10:0 863:1:0 871:5:0 875:8:0 877:1:0 880:0:0 882:3:0 968:3:0
29	ȵiɣi	what	what	23	60:4:0 60:12:0 71:2:0 71:3:0 160:7:0 160:9:0 259:2:0 259:4:0 290:3:0 293:3:0 293:5:0 330:4:0 330:6:0 331:2:0 339:3:0 339:5:0 375:4:0 465:3:0 491:3:0 633:1:0 637:2:0 728:8:0 872:4:0
30	lə	come	come	23	462:0:1 574:2:1 581:3:1 587:2:1 587:4:1 592:3:1 592:5:1 593:3:1 594:0:1 658:3:1 692:4:1 694:0:2 700:4:1 709:2:1 710:2:1 712:1:1 716:0:2 767:3:1 869:0:2 872:5:1 922:0:1 922:1:1 930:9:1
31	keʴl	ask	ask	21	115:1:0 139:0:0 140:0:1 141:0:1 142:0:1 142:13:0 147:0:0 147:2:0 227:4:1 228:0:1 248:2:0 362:0:1 414:0:1 429:1:1 639:0:1 640:2:1 725:5:1 726:0:1 742:0:1 743:0:1 856:0:0
32	likhemu	Likhemu	Likhemu	21	716:6:0 742:1:0 743:2:0 772:0:0 790:2:0 823:0:0 828:4:0 833:4:0 844:4:0 847:4:0 853:3:0 860:4:0 867:3:0 868:1:0 878:1:0 888:1:0 946:1:0 953:3:0 964:9:0 983:3:0 992:3:0
33	ɦɑlɑ	there	there	20	145:3:0 211:8:0 218:1:0 306:4:0 585:1:0 682:2:0 683:3:0 769:1:0 804:4:0 814:1:0 815:2:0 827:3:0 829:4:0 835:0:0 848:3:0 850:1:0 855:11:0 888:3:0 956:1:0 962:1:0
34	lu	come	come	20	35:0:1 242:3:0 247:3:0 371:0:1 379:0:1 381:0:1 383:0:1 396:0:1 424:0:1 439:0:1 481:0:1 519:7:1 532:3:0 589:4:0 700:6:2 701:0:2 950:2:0 951:0:0 978:3:1 985:3:1
35	tɕhe	want	want	20	102:0:0 126:0:0 131:0:0 138:0:0 170:0:0 171:0:0 243:0:0 244:0:0 596:0:1 632:0:0 659:0:0 679:0:0 711:0:0 713:0:1 898:0:0 912:0:0 916:0:0 979:0:0 986:0:0 987:0:0
36	tsɑ	this // one	this:one	20	87:0:1 158:0:1 161:0:1 175:0:1 223:0:1 243:1:1 256:0:1 257:1:0 310:1:0 320:0:1 424:2:1 441:0:0 441:3:1 443:1:0 450:0:0 458:2:0 498:0:0 507:0:1 607:3:0 662:0:1
37	tshəntitɕhin	Chen Diqing	Chen.Diqing	19	662:1:0 723:4:0 729:2:0 729:9:0 751:7:0 782:6:0 803:5:0 809:3:0 825:0:0 828:8:0 836:2:0 846:2:0 847:5:0 852:2:0 887:2:0 893:10:0 908:0:0 928:5:0 945:3:0
38	pə	arrive	arrive	19	58:0:1 243:2:1 275:0:1 444:0:1 445:0:1 446:0:1 447:0:1 449:3:1 454:0:1 456:0:1 459:2:2 460:0:1 538:0:1 569:4:1 665:0:1 666:0:1 709:3:1 834:0:1 961:0:3
39	tou	one	DEF:one:CL	19	138:9:0 142:3:0 248:0:0 354:6:0 357:2:0 364:4:0 384:4:0 385:2:0 415:5:0 441:2:0 445:2:0 451:2:0 462:2:0 467:1:1 467:3:1 468:1:1 482:2:1 484:2:0 485:1:1
40	l	come	come	18	58:0:2 243:2:2 275:0:2 444:0:2 445:0:2 446:0:2 447:0:2 449:3:2 454:0:2 456:0:2 459:2:3 460:0:2 538:0:2 699:2:2 709:3:2 920:0:1 921:0:1 961:0:4
41	dzə	eat	eat	18	160:8:0 259:3:0 260:0:0 290:4:0 291:0:0 293:4:0 293:6:0 328:3:0 330:5:0 331:0:0 339:4:0 340:0:0 354:7:0 355:3:0 365:5:0 418:0:0 434:0:0 660:0:2
42	tɕile	1pl	1pl	17	136:1:0 234:0:0 458:1:0 811:1:0 813:2:0 836:1:0 839:1:0 894:2:0 896:2:0 899:1:0 908:3:0 912:1:0 913:2:0 915:1:0 966:1:0 967:1:0 972:2:0
43	nai	other	other	17	162:4:0 194:3:0 220:1:0 226:2:0 264:10:0 265:2:0 524:1:0 526:1:0 664:3:0 665:1:0 693:1:0 700:2:0 703:0:0 776:4:0 813:1:0 839:5:0 867:1:0
44	ke	thus	thus	17	46:4:1 78:4:1 81:1:1 142:12:1 248:8:1 263:1:1 264:7:1 267:1:1 303:10:1 311:3:1 340:6:1 622:5:1 945:0:0 948:3:1 963:2:1 973:1:1 975:2:1
45	ɑ	1sg	1sg	17	59:0:2 60:0:2 67:0:2 70:0:2 92:5:2 347:0:2 368:0:1 394:0:1 403:0:1 420:0:1 455:0:2 754:0:2 758:4:2 761:0:2 762:0:2 883:0:2 972:0:3
46	tɕ	find	find	16	103:0:1 103:1:1 106:0:1 112:6:1 178:0:1 178:2:1 178:3:1 202:5:1 203:2:1 257:0:1 306:2:1 337:0:1 348:3:1 770:0:1 771:0:1 962:0:1
47	lɑ	come	come	16	18:0:1 36:0:1 37:0:1 39:0:1 475:0:1 476:0:1 517:0:1 598:0:2 599:0:1 678:2:1 681:2:1 682:0:1 708:3:2 709:0:1 862:0:1 977:0:1
48	dʐə	able	able	15	97:0:0 98:0:0 130:0:0 130:2:0 135:3:0 135:5:0 171:10:0 241:0:0 242:0:0 242:2:0 247:0:0 247:2:0 542:0:1 644:0:0 662:4:0
49	ȵi:	3sgREFL	3sgREFL	15	107:2:0 108:1:0 114:5:0 115:3:0 116:3:0 117:2:0 117:4:0 155:3:0 171:6:0 248:4:0 248:7:0 566:1:0 847:6:0 849:2:0 855:4:0
50	tshəntɕɑ	Chen family	Chen.family	14	611:0:0 612:1:0 642:2:0 645:4:0 647:2:0 648:1:0 649:2:0 751:4:0 782:3:0 803:2:0 809:5:0 823:2:0 825:1:0 829:2:0
51	kɑpətʂ	orphan	orphan	14	352:4:0 354:5:0 355:1:0 357:1:0 364:3:0 401:1:0 415:4:0 441:1:0 451:1:0 462:1:0 467:3:0 482:2:0 484:1:0 485:1:0
52	maha	night	night	14	365:3:0 370:1:0 378:1:0 380:1:0 395:1:0 407:2:0 423:1:0 433:2:0 439:1:0 442:1:0 443:3:0 456:1:0 462:7:1 751:3:0
53	tsoqpi	this // family	this:family	13	154:3:0 173:2:1 175:1:0 176:0:0 656:4:0 658:1:1 663:2:0 684:7:0 850:4:1 946:4:0 967:0:0 968:5:0 972:3:0
54	qe:ʴ	before	before	13	19:3:0 19:3:1 23:4:0 26:1:0 79:1:0 112:2:0 121:1:0 352:2:0 352:2:1 532:5:0 705:1:0 773:3:0 825:3:0
55	χuɑ	because	because	13	5:0:2 6:0:1 375:5:1 386:3:1 400:3:1 414:3:1 415:1:1 428:3:1 533:0:2 541:0:1 542:0:3 721:0:1 722:1:1
56	le	exist	exist	12	167:5:0 169:0:0 508:0:1 651:0:1 691:2:0 693:6:0 699:0:0 714:3:0 715:2:0 865:4:0 866:3:0 868:3:0
57	gul	companion	companion	12	370:3:1 380:4:0 395:3:1 408:1:1 422:2:1 423:3:1 438:2:1 439:3:1 441:4:0 441:6:0 453:3:0 459:0:0
58	tɕɑ	where	where	12	144:1:0 249:2:0 250:1:0 463:2:0 464:1:0 464:2:0 465:1:0 465:2:0 483:2:0 672:6:0 726:2:0 727:2:0
59	wutɕupu	husband	husband	12	23:2:0 78:2:0 88:2:0 94:3:0 121:0:0 160:6:0 669:1:0 670:1:0 703:3:0 704:1:0 845:4:0 889:0:0
60	mi	person	person	12	138:4:0 142:4:0 209:0:0 246:2:0 264:1:0 274:6:0 294:3:0 575:1:0 896:5:0 902:1:0 919:6:0 931:6:0
61	ʂe	die	die	12	282:11:1 325:4:1 668:3:1 670:0:1 671:0:1 704:0:1 704:2:1 894:3:0 904:3:0 968:0:1 969:0:1 972:5:0
62	dʑe	say	say	12	54:0:0 55:3:0 60:13:0 64:0:0 65:0:0 68:3:1 73:3:0 73:5:0 146:3:0 187:2:0 345:3:0 346:3:0
63	the	that	that	12	150:0:1 219:0:1 271:7:0 318:0:1 383:2:1 462:7:0 823:1:0 825:13:0 853:0:1 866:1:0 911:0:0 938:0:1
64	we	exist	exist	12	3:0:0 127:0:0 298:4:1 301:0:0 302:0:0 303:0:0 304:0:0 333:7:0 524:3:0 539:2:0 760:5:0 763:5:0
65	qɑpə	old man	old.man	12	610:5:0 611:1:0 612:2:0 642:3:0 645:5:0 647:3:0 649:3:0 803:3:0 809:6:0 824:0:0 825:2:0 829:3:0
66	tʂepe	encounter	encounter	12	361:2:1 375:0:1 385:0:1 386:0:1 399:0:1 400:0:1 412:0:1 413:0:1 427:0:1 428:0:1 723:2:1 725:3:1
67	k	go	go	11	101:4:1 443:0:1 566:0:1 569:4:2 614:0:1 685:3:1 689:2:1 691:4:2 724:2:1 834:0:2 899:6:3
68	se	allow	allow	11	93:15:2 93:17:2 232:0:1 236:1:1 680:0:2 686:0:2 690:0:2 899:3:2 903:0:1 917:0:1 942:0:2
69	pu	do	do	11	43:3:1 167:3:2 240:0:1 856:2:0 857:0:1 899:6:2 900:0:1 924:0:1 983:0:2 984:1:1 990:4:2
70	jə	two	two	11	4:0:0 9:2:0 11:2:0 14:7:1 20:2:0 21:2:0 112:4:0 683:10:1 716:7:0 744:4:0 794:1:0
71	hɑ	pl	pl	11	243:1:2 453:4:1 478:1:2 479:1:2 491:3:2 494:2:2 495:1:2 538:3:3 539:3:3 610:2:3 610:5:2
72	genkuo	parrot	parrot	11	268:1:0 287:4:0 288:2:0 303:2:0 309:1:0 310:3:0 314:1:0 336:0:0 336:1:0 341:2:0 348:2:0
73	qu	afraid	afraid	11	368:0:0 369:2:0 394:0:0 394:3:0 403:0:0 420:0:0 455:0:1 455:2:1 461:5:1 462:4:1 965:0:1
74	lou	one	DEF:one:CL	10	113:2:0 114:2:0 207:0:0 303:6:0 303:9:0 331:12:0 355:2:0 475:2:1 572:2:1 601:0:1
75	xsə	three	three	10	90:2:0 338:2:0 522:4:0 524:5:0 577:1:0 577:4:0 956:4:0 958:2:0 960:1:0 960:3:0
76	satʂů	younger sister	younger.sister	10	27:3:0 35:14:0 36:1:0 38:2:0 44:2:0 46:11:0 51:1:0 73:0:0 95:1:1 160:1:0
77	bəs	snake	snake	10	544:1:0 551:0:1 563:1:1 565:1:1 569:1:1 574:7:1 593:1:0 610:2:1 621:3:0 657:2:0
78	sətsim	wife	wife	10	559:2:1 688:0:0 694:3:0 896:1:1 905:4:0 905:9:0 927:8:0 930:4:0 931:3:0 952:1:0
79	ɕtɕə	seven	seven	10	181:3:0 182:1:0 188:1:0 188:3:0 220:0:0 220:5:0 283:0:0 691:1:0 698:4:0 865:3:0
80	steke	behind	behind	10	528:3:1 535:1:1 563:1:3 566:3:0 566:4:0 566:8:1 606:1:1 700:5:0 849:1:0 867:2:0
81	ʐmu	dream	dream	10	96:1:1 171:5:1 182:8:1 185:1:1 283:6:1 754:0:1 756:3:1 758:4:1 761:0:1 762:0:1
82	ʂkup	orangutan	orangutan	10	354:3:0 365:2:0 376:1:0 391:1:0 403:1:0 417:3:0 433:1:0 454:2:0 459:1:0 474:2:0
83	pə	do	do	10	11:0:0 14:6:1 41:0:1 47:0:1 48:0:1 48:1:1 50:0:1 532:10:0 593:2:1 871:3:0
84	ʁə	go	go	10	46:2:1 111:0:1 135:2:1 246:4:1 333:6:1 480:4:1 521:4:1 523:1:1 564:0:1 663:4:2
85	thu	there	there	10	110:3:1 111:1:1 220:9:1 252:1:1 319:1:1 338:1:1 572:1:1 708:2:0 748:0:1 915:0:1
86	ɦɑlə	there	there	10	144:3:0 144:5:0 212:1:0 220:6:0 667:1:0 681:1:0 808:1:0 818:1:0 832:7:0 858:2:0
87	l	look	look	9	138:7:1 142:11:1 272:0:1 530:3:1 533:1:1 761:6:1 807:5:1 927:4:1 928:2:1
88	mɑ:	mama	mama	9	35:2:0 57:2:0 592:4:0 593:2:3 593:4:0 953:4:0 964:10:0 991:7:0 992:4:0
89	sin	lion	lion	9	807:4:0 809:8:0 809:12:0 813:3:0 819:2:0 819:5:0 831:4:0 839:2:0 844:5:0
90	tɕəu	home	home	9	60:11:0 358:1:0 367:2:0 375:10:0 386:7:0 390:1:0 393:2:0 480:3:0 950:3:0
91	tɕ	drink	drink	9	34:5:1 774:0:1 781:0:1 781:1:1 789:0:1 793:0:1 799:0:2 800:0:2 802:0:1
92	e	one	one	9	7:3:0 162:4:1 220:2:0 220:3:0 508:2:0 526:3:0 664:3:1 665:1:1 700:2:1
93	ȵiɑufu	LNK(as soon as)	LNK(as.soon.as)	9	417:2:2 479:3:2 482:1:2 494:0:2 495:2:2 512:0:2 514:6:2 803:0:2 992:7:2
94	entɕi	uncle’s wife	uncle’s.wife	8	575:6:0 575:8:0 575:10:0 582:4:0 583:3:0 587:6:0 588:2:0 589:2:0
95	tɕu	see	see	8	283:8:1 570:1:1 621:4:1 624:1:1 897:2:1 899:0:2 902:3:1 904:5:1
96	ʐə	exist	exist	8	311:4:0 416:4:1 417:0:1 430:4:1 431:0:1 962:4:0 964:4:0 986:2:0
97	ɕi	send	send	8	101:2:1 574:6:1 575:5:1 632:2:1 645:3:1 645:7:1 984:0:1 984:2:1
98	pəs	today	today	8	57:0:0 57:4:0 58:2:0 60:10:0 432:1:0 545:1:0 622:1:0 931:1:0
99	jantɕi	after	after	8	142:0:2 181:1:3 211:7:2 218:0:1 314:0:2 315:0:2 317:0:2 319:0:1
100	kɑntɕhi	think/want	think/want	8	355:0:0 485:3:0 493:0:0 493:3:0 503:0:0 503:3:0 509:0:0 510:0:0
101	ta	if	if	8	185:0:2 379:4:2 405:1:0 406:0:1 421:0:2 437:0:2 521:3:3 557:0:2
102	ʔile	2pl	2pl	8	60:9:0 63:2:0 68:2:0 530:1:0 835:1:0 882:2:0 913:1:0 932:1:0
103	lə	able	able	8	203:0:1 204:0:1 306:3:1 571:0:1 635:0:1 636:3:1 657:0:1 790:0:1
104	pienɑ	beside	beside	8	467:3:2 467:4:2 573:1:2 752:4:0 753:2:2 761:3:3 761:4:1 763:3:2
105	jɑutsan	man eating demon	man.eating.demon	8	625:2:0 626:1:0 627:1:0 631:1:0 845:2:0 850:2:0 888:4:0 931:8:0
106	dʑy	door	door	8	46:5:0 51:4:0 54:6:0 466:5:0 466:8:0 476:1:0 476:4:0 477:1:0
107	xsə	new(again)	new(again)	8	384:2:0 396:2:0 409:2:0 494:1:0 515:1:0 581:1:0 700:1:0 709:1:0
108	tsu	here	here	8	247:9:1 271:1:1 337:1:1 344:4:1 345:1:1 354:4:1 587:0:0 930:2:1
109	ɣʐu	lose	lose	8	144:0:1 163:0:1 164:3:1 175:4:1 268:0:1 270:1:1 271:5:1 273:0:1
110	ʂ	put	put	8	133:0:1 133:2:1 160:12:1 182:0:1 839:4:1 841:0:1 842:0:1 846:0:1
111	sawu	older sister	older.sister	8	22:1:0 23:1:0 35:10:0 40:1:0 46:9:0 88:0:0 88:1:0 94:1:0
112	khuə	dog	dog	8	271:8:0 581:2:0 581:4:0 613:2:0 614:2:0 614:4:0 615:2:0 615:5:0
113	ȵiɑntɕi	after	after	7	93:0:2 128:0:1 218:3:2 252:0:2 501:0:2 827:0:3 832:4:2
114	p	year	year	7	14:7:2 693:5:1 698:4:1 715:1:1 865:3:1 866:2:1 868:2:1
115	ʁ	go	go	7	32:3:1 34:3:1 129:2:1 240:1:1 508:9:1 509:3:1 607:4:1
116	su	learn	learn	7	59:0:1 60:0:1 60:6:1 67:0:1 70:0:1 83:0:1 92:5:1
117	dʑemi	Dʑemi	Dʑemi	7	825:6:0 845:3:0 850:3:0 888:5:0 891:2:0 919:8:0 928:0:0
118	jautsan	man eating demon	man.eating.demon	7	820:2:0 825:5:0 891:1:0 919:7:0 927:9:0 930:5:0 930:7:0
119	ʑdʑy	tether	tether	7	90:5:1 90:9:1 93:6:1 93:10:1 107:4:1 107:7:1 145:6:1
120	χuɑn	Huang	Huang	7	334:2:0 340:4:0 345:0:0 347:2:0 347:4:0 349:4:0 350:1:0
121	tsə	water	water	7	501:1:0 764:1:0 766:2:0 768:2:0 769:2:0 770:1:0 788:2:0
122	tsu	hold	hold	7	137:0:0 142:7:1 247:7:1 451:0:1 905:8:0 919:3:0 921:1:1
123	χsutsqhɑ	stomach	stomach	7	411:1:0 412:1:0 413:1:0 448:0:0 471:1:0 512:1:0 513:1:0
124	χa	needle	needle	7	361:1:0 361:3:0 369:0:0 463:1:0 466:3:0 478:1:0 479:1:0
125	pethiɑu	chat	chat	7	43:3:0 47:0:0 48:0:0 48:1:0 50:0:0 95:0:0 167:3:0
126	tɕhiɑnmeʴ	Qianmen	Qianmen	7	334:3:0 340:4:1 345:0:1 347:2:1 347:4:1 349:4:1 350:1:1
127	ikə	thus	thus	7	100:1:0 553:1:0 663:6:0 675:1:0 731:1:0 859:1:0 883:1:0
128	χtʂ	row	row	7	220:0:1 251:0:1 301:1:1 301:2:1 302:3:1 302:4:1 316:2:1
129	sei	relieve oneself	relieve.oneself	7	202:2:0 205:0:0 295:1:0 295:3:0 297:2:0 307:0:0 309:0:0
130	sə	make sound	make.sound	7	114:3:1 117:3:1 146:7:1 248:5:1 311:0:1 365:0:1 506:0:1
131	nə	sleep	sleep	7	464:3:0 468:0:1 469:0:1 470:0:1 472:0:1 473:0:1 483:3:0
132	upu	uncle	uncle	7	544:0:0 551:0:0 563:1:0 565:1:0 569:1:0 574:7:0 610:2:0
133	thizzi	3dl	3dl	7	521:5:0 527:1:0 529:1:0 532:4:0 532:8:0 541:5:0 923:1:1
134	meʴʐə	seek	seek	7	101:4:0 684:5:0 685:0:0 692:4:0 700:4:0 709:2:0 724:2:0
135	juɑnʁuɑi	emperor	emperor	7	24:1:0 80:3:0 100:5:0 123:0:0 628:0:0 628:5:0 629:3:0
136	tɑ	one	DEF:one	7	247:5:1 301:3:0 302:5:0 886:1:1 905:6:1 961:2:2 976:2:2
137	tɕiu	then)	†(then)	7	35:11:0 41:3:0 462:8:0 945:2:0 946:3:0 949:3:0 960:4:0
138	ɸu	run away	run.away	6	508:8:1 509:1:1 662:3:1 663:0:1 664:0:1 701:2:1
139	tʂi	male/son	male/son	6	648:3:0 847:1:0 858:5:0 864:3:0 865:1:0 869:1:0
140	qusɑp	scissors	scissors	6	374:2:0 375:1:0 444:1:0 467:1:0 485:4:0 488:1:0
141	lɑn	lazy	lazy	6	19:0:0 28:3:0 29:1:0 32:0:0 42:0:0 42:1:0
142	thəl	stone pestle	stone.pestle	6	426:4:0 427:1:0 449:0:0 473:2:0 515:2:0 517:1:0
143	ɕi	put	put	6	93:7:1 93:11:1 107:10:1 155:7:1 319:2:1 855:8:1
144	ʁu	mountain	mountain	6	8:1:0 93:4:0 93:8:0 145:8:0 980:1:0 981:1:0
145	ʂputhuʂ	bamboo tube	bamboo.tube	6	113:1:0 114:1:0 138:8:0 142:2:0 247:10:0 331:11:0
146	ɑ:	1sg	1sg:PRS	6	371:0:2 381:0:2 383:0:2 396:0:2 424:0:2 439:0:2
147	gue:ʴ	road	road	6	360:5:0 530:2:0 531:1:0 725:2:0 763:3:0 807:2:0
148	i	2pl	2pl	6	521:3:2 521:4:2 835:3:1 913:4:1 933:0:2 935:0:2
149	pů	do	do	6	95:0:2 246:1:2 463:0:2 466:2:2 633:0:1 921:2:2
150	ɣʐə	able	able	6	69:0:0 100:0:0 579:0:1 585:0:1 650:0:0 651:3:0
151	noʁu	crow	crow	6	398:2:0 399:1:0 446:1:0 469:1:0 504:1:0 505:1:0
152	pənsə	ability	ability	6	58:3:0 59:3:0 60:5:0 66:3:0 82:5:0 92:4:0
153	ʂə	exist	exist	6	250:0:0 253:0:0 516:0:0 782:10:0 786:0:0 805:0:0
154	lɑ	1sg	INDTV:1sg	6	239:2:2 409:0:2 423:0:2 440:0:2 560:0:2 774:0:2
155	xsə	god	god	6	522:1:1 574:8:0 749:2:0 752:3:0 761:3:0 807:3:0
156	jin	monk’s robe	monk’s.robe	6	182:4:0 185:4:0 194:1:1 211:6:0 220:8:0 271:4:0
157	gueʴ	army	army	6	155:5:0 645:2:0 846:3:0 847:7:0 849:3:0 892:1:0
158	ʐmu	meeting	meeting	6	136:2:0 244:2:0 247:6:0 905:7:0 919:2:0 921:1:0
159	a	one	one	6	561:3:0 564:3:0 760:4:0 765:1:0 798:1:0 806:4:0
160	tɕiquɑ	inside	inside	6	574:1:0 574:4:0 575:2:0 592:1:0 608:2:0 610:1:0
161	kuɑntɑusəje	sword and bow	sword.and.bow	6	752:0:0 760:6:0 782:7:0 804:2:0 819:1:0 844:7:0
162	buzd	plank stairs	plank.stairs	5	471:2:0 472:2:0 473:3:0 509:2:0 514:2:0
163	xtʂəp	get dark	get.dark	5	391:0:1 417:2:1 433:0:1 443:2:1 474:1:1
164	ʂpə	bamboo	bamboo	5	298:3:0 300:2:0 302:1:0 304:4:0 316:1:0
165	tsə	this	this	5	190:1:1 283:2:0 331:4:1 334:1:1 729:6:1
166	ʂ	time	time	5	148:1:1 492:1:1 904:4:1 932:2:1 978:2:1
167	dʐuků	knowledge	knowledge	5	109:0:0 167:4:0 168:1:0 169:2:0 650:3:0
168	pəmaha	tonight	tonight	5	237:3:0 239:1:0 453:1:0 454:1:0 460:2:0
169	ɕi	wine	wine	5	32:4:0 33:1:0 34:4:0 35:4:0 610:3:0
170	mɑutshə	toilet	toilet	5	202:4:0 203:1:0 208:3:0 250:2:0 306:1:0
171	tɕhi	want	want	5	370:0:1 395:0:1 693:0:1 843:0:1 982:2:1
172	qap	head	head	5	809:10:0 810:2:0 814:2:0 816:1:0 817:1:0
173	ȵike	after	after	5	14:0:2 391:0:2 538:0:3 842:2:2 843:2:2
174	tsi	daughter	daughter	5	343:0:1 349:3:0 351:2:0 691:5:0 711:1:0
175	ʂuə	hide	hide	5	220:10:1 221:1:1 753:0:1 753:3:1 804:0:1
176	tse	look	look	5	149:0:0 530:5:1 545:0:1 933:0:1 935:0:1
177	bəl	do	do	5	216:0:1 542:0:0 609:2:1 872:5:0 992:11:1
178	tsɑ	here	here	5	135:7:0 678:1:0 978:1:0 985:2:0 986:4:0
179	ʂətɕiɑn	time	†time	5	180:1:0 275:2:0 282:14:0 294:6:0 331:3:0
180	qəti	kill	kill	5	627:3:1 627:5:1 899:2:0 924:2:0 924:5:0
181	e:	one	one:CL	5	194:2:0 265:2:1 551:4:0 612:4:0 745:3:0
182	ʁɑ	roof tile	roof.tile	5	208:1:0 208:4:0 218:5:0 219:1:0 250:4:0
183	jů	stand	stand	5	261:2:1 261:3:1 291:3:1 292:0:1 912:2:1
184	ʁu	throw	throw	5	809:11:1 811:0:2 815:0:1 817:0:1 818:0:1
185	χsɑ	understand	understand	5	578:2:1 584:2:1 590:0:2 602:0:2 604:0:2
186	jɑpə	hand	hand	5	479:2:0 485:5:0 488:2:0 552:2:1 558:1:1
187	tɕhə	drink	drink	5	160:10:0 772:2:0 776:3:1 790:4:1 791:0:1
188	ʁu	willing	willing	5	195:0:0 227:0:0 325:0:2 533:0:1 708:4:1
189	m	hear	hear	5	68:0:1 68:5:1 97:2:1 171:9:1 241:1:1
190	zu	seed	seed	4	522:3:1 524:4:1 538:3:1 539:3:1
191	puȵu	cat	cat	4	206:1:0 211:3:0 214:4:0 218:2:0
192	mi:	eyes	eyes	4	495:3:0 496:1:0 498:1:0 499:1:0
193	ʂə	put	put	4	188:0:1 331:7:1 480:0:1 832:0:1
194	ʐmə	call	call	4	347:3:0 347:5:0 629:0:0 728:9:0
195	dzɑ:	eat	eat:PRS	4	377:0:0 392:0:0 404:0:0 812:0:0
196	pəʴʐ	provide for	provide.for	4	180:0:1 264:6:1 276:0:1 277:1:1
197	tshəmɑ	thorn	thorn	4	524:2:0 539:1:0 541:2:0 543:1:0
198	lů	come	come	4	136:0:1 137:1:1 408:0:1 440:0:1
199	quəquɑ	fight	fight	4	735:4:0 736:4:0 748:1:0 968:7:0
200	pitɕ	now	now	4	78:7:0 123:1:0 537:1:0 628:1:0
201	wu	all	all	4	134:3:0 716:8:0 744:5:0 794:2:0
202	ɦɑŋů	woof	woof	4	582:2:0 582:3:0 583:1:0 583:2:0
203	ʁopu	mountain	mountain	4	523:2:0 525:1:0 538:4:0 539:4:0
204	ʂpə	call	call	4	25:0:0 81:0:0 696:0:1 698:0:1
205	tʂi	sign	sign	4	182:9:1 185:2:1 239:0:1 239:2:1
206	su	study	study	4	691:4:1 698:3:1 715:0:1 866:0:1
207	ȵi:	what	what	4	227:1:0 237:4:0 557:2:0 595:2:0
208	ʑdʑi	sick	sick	4	633:2:1 634:1:0 634:3:0 636:1:0
209	lie	carry	carry	4	35:8:0 546:0:0 548:0:0 549:0:0
210	qusu	very many	very.many	4	891:7:0 893:2:0 893:5:0 933:7:0
211	χuopɑu	live treasure	live.treasure	4	282:5:0 282:7:0 324:1:1 325:1:0
212	tɕi	3pl	3pl	4	7:0:2 25:0:2 881:0:3 954:0:1
213	ʐɑχuɑ	inside	inside	4	309:2:0 468:3:2 469:4:0 514:9:2
214	tɕy	carry	carry	4	114:0:0 332:0:1 806:2:1 844:8:1
215	ʐ	talk	talk	4	856:1:1 856:4:1 864:1:1 871:2:1
216	mə	fire	fire	4	468:3:0 490:1:0 491:1:0 493:1:0
217	xʂuɕtɕu	listen	listen	4	51:6:1 52:0:1 54:8:0 97:1:1
218	ɣlu	younger sister	younger.sister	4	3:5:0 6:3:0 14:3:0 15:1:0
219	je	live/stay	live/stay	4	367:6:0 393:3:0 402:4:0 463:3:0
220	the:	3sg	3sg	4	313:1:0 559:2:0 627:6:0 751:2:0
221	gəs	night	night	4	92:7:0 357:3:0 402:3:0 417:1:0
222	χʂ	tie up	tie.up	4	852:4:1 852:5:1 855:2:1 855:7:1
223	tʂhetsə	cart	cart	4	138:6:0 142:10:0 905:10:0 927:2:0
224	gɑntsə	saddle	saddle	4	827:1:0 827:5:0 831:2:0 832:5:0
225	qəti	beat to death	beat.to.death	4	849:4:1 849:6:1 887:0:0 890:2:0
226	tɑu	time	time	4	274:4:1 424:2:2 441:0:1 607:3:1
227	ou	one	one:CL	4	27:5:0 367:5:0 375:11:0 386:8:0
228	ʂku	orangutan	orangutan	4	856:1:0 856:4:0 864:1:0 871:2:0
229	mɑ	hear // 1sg	hear:1sg	4	63:0:1 66:0:1 74:0:1 75:0:1
230	jɑntɕi	after	after	4	135:0:4 140:0:2 220:6:1 490:0:2
231	ʐə	matter	matter	4	379:5:0 406:1:0 421:1:0 437:1:0
232	w	exist	exist	4	380:0:1 407:0:1 422:0:1 438:0:1
233	qutaq	cluck	cluck	4	583:0:0 584:0:0 588:0:0 589:0:0
234	ləɣz	book	book	4	691:3:0 698:2:0 714:4:0 865:5:0
235	tɕetɕi	everywhere	everywhere	4	16:3:0 17:1:0 134:2:0 535:5:0
236	ȵiuχuɑn	bezoar	bezoar	4	909:1:0 918:4:0 929:0:0 929:2:0
237	mə	older brother	older.brother	4	3:3:0 6:1:0 14:1:0 15:7:0
238	bələ	do	do	4	88:4:0 89:2:0 93:14:0 174:4:1
239	tse	this	this	3	209:0:1 271:2:0 967:3:0
240	tɕhə	eat	eat	3	200:0:0 333:3:0 616:0:0
241	sɑ	make sound	make.sound	3	85:0:1 215:0:1 310:0:0
242	fɑ	clothing	clothing	3	990:5:0 991:1:0 992:6:0
243	zů	sit	sit	3	260:2:1 261:0:1 367:3:1
244	ɕtɕi:mi	heart	heart	3	642:6:0 659:4:0 825:10:0
245	jəpɑ	hand	hand	3	656:5:0 663:3:0 972:4:0
246	iɣi	anything	anything	3	618:1:0 622:2:0 692:2:0
247	qu	top	top	3	138:6:1 142:10:1 208:3:2
248	ʂpəl	kidney	kidney	3	642:4:0 659:2:0 825:8:0
249	meʴʂ	next	next	3	247:5:0 886:1:0 905:6:0
250	ji	say	say	3	521:0:1 530:0:1 914:0:0
251	mutu	heaven	heaven	3	2:1:0 530:4:0 533:2:0
252	zə	little	little	3	182:5:1 185:6:1 225:1:1
253	ȵim	notice(n )	notice(n.)	3	253:3:0 254:1:0 258:3:0
254	phɑu	shot	shot	3	624:2:1 624:5:1 626:4:1
255	χte	exhort	exhort	3	695:0:1 858:3:1 860:0:1
256	gueʴ	soldier	soldier	3	100:6:0 101:1:0 933:4:0
257	piɑn	change	change	3	827:0:1 830:0:1 831:0:1
258	ataʐ	fast	fast	3	112:0:0 125:2:0 283:5:0
259	əw	mother	mother	3	400:13:0 416:5:0 430:5:0
260	ʂəȵi	discuss	discuss	3	881:0:1 885:0:1 885:1:1
261	lɑw	one // pile	DEF:one:pile	3	468:3:1 490:1:1 491:1:1
262	qəpɑtʂɑ:	head	head:LOC	3	471:2:2 473:3:2 515:3:0
263	ʁɑt	truly	truly	3	75:4:0 936:2:0 937:1:0
264	tsəqɑ	grab	grab	3	314:0:1 315:0:1 605:2:1
265	thuntʂə	notify	notify	3	239:4:0 246:1:0 338:3:0
266	zu	sit	sit	3	292:2:1 293:0:1 344:0:1
267	χən	kind	kind	3	58:4:1 59:4:1 82:6:1
268	mutsitʂu	Mutsitʂu	Mutsitʂu	3	519:0:0 519:3:0 530:6:0
269	la:	one	DEF:one:CL	3	111:2:1 125:1:1 208:6:0
270	ɕa	small	small	3	789:3:0 789:5:0 796:2:0
271	ʂpɑ	place	place	3	282:10:1 325:3:1 679:2:1
272	sənʐə	birthday	birthday	3	88:3:0 89:1:0 93:13:0
273	ȵiu	sheep wool	sheep.wool	3	30:5:0 30:12:0 31:1:0
274	nəʂ	bed	bed	3	467:4:0 482:3:0 485:0:0
275	ɕe	release	release	3	614:0:0 614:3:0 615:0:0
276	otsůquɑ	morning	morning	3	129:1:0 239:3:0 908:2:0
277	zəpəq	earth	earth	3	519:6:0 521:2:0 537:7:0
278	zde	hit	hit	3	619:0:2 621:0:2 622:4:2
279	xtʂe	take out	take.out	3	806:0:1 806:1:1 825:11:1
280	ɕi	little	little	3	111:2:0 125:1:0 238:2:0
281	jən	monk’s robe	monk’s.robe	3	164:0:0 164:2:0 175:3:0
282	lɑ:	come	come:PRS	3	366:0:0 418:0:1 434:0:1
283	pɑntɕin	half catty	half.catty	3	30:7:0 30:8:0 35:7:0
284	dzuɑʁl	stone mill	stone.mill	3	7:2:0 9:1:0 11:1:0
285	lokun	sworn brother	sworn.brother	3	672:1:0 672:2:0 672:9:0
286	tɕi	house	house	3	752:3:1 761:3:1 807:3:1
287	tɕiuʂə	that is)	†(that.is)	3	23:0:0 162:1:0 909:0:0
288	ʐgue	answer	answer	3	116:1:1 117:5:1 416:0:1
289	l̥əlɑ	change	change	3	991:0:1 991:2:1 992:7:1
290	ɕtɕ	host/feed	host/feed	3	957:0:1 960:0:1 960:2:1
291	steke	later	later	3	5:2:0 16:5:0 162:0:0
292	χquɑtʂ	steal	steal	3	93:0:1 145:2:1 152:0:1
293	xʂepi	side	side	3	271:2:1 271:7:1 825:13:1
294	wəstɑ	behind	behind	3	46:6:0 51:5:0 54:7:0
295	ɕi	release	release	3	15:6:1 615:3:1 615:6:1
296	ɦə̃ʴɦə̃ʴ	oink oink	oink.oink	3	587:5:0 588:1:0 589:1:0
297	ʑdʑ	rest	rest	3	738:0:1 739:0:1 740:0:1
298	χuɑ	sell	sell	3	827:2:0 827:6:0 832:6:0
299	qhu	shoot	shoot	3	624:3:0 625:0:1 627:0:0
300	lde	spin	spin	3	30:11:1 30:14:1 31:3:1
301	kəntɑu	immediately	immediately	3	990:2:0 991:3:0 992:8:0
302	q	top	top	3	656:5:1 663:3:1 972:4:1
303	ŋuɑ	1sg	COP:1sg	3	285:0:1 390:0:0 402:0:1
304	soqho	tomorrow	tomorrow	3	230:0:0 232:1:0 894:1:0
305	khuoji	is possible)	†(is.possible)	3	904:1:0 905:0:0 916:4:0
306	ʂuətʂhuɑ	water jar	water.jar	3	469:3:0 500:1:0 503:4:0
307	kɑ:	go // 1sg	go:PRS:1sg	3	720:0:0 722:0:0 728:4:0
308	dʑi	say	say	3	171:8:1 864:0:1 864:2:1
309	tɕhi	bring	bring	3	906:0:1 989:0:1 990:0:1
310	sei	walk	walk	3	242:1:0 247:1:1 566:0:0
311	lɑw	one	DEF:one:CL	3	569:3:1 571:1:1 573:1:1
312	phɑwu	older sister	older.sister	3	120:1:0 154:4:0 160:5:0
313	tsi	girl	girl	3	572:2:0 595:1:1 601:0:0
314	tugantʂu	Tugantʂu	Tugantʂu	3	519:2:0 519:5:0 530:8:0
315	qutaq	(sound of chicken)	(sound.of.chicken)	3	575:7:0 575:9:0 576:0:0
316	phə	message	message	3	134:4:0 173:3:0 174:1:0
317	χu	goods	goods	3	676:4:0 676:15:0 707:0:0
318	ʁɑtɕhi	truly	truly	3	82:3:0 156:1:0 942:1:0
319	ʂ	grow	grow	3	541:3:1 842:2:1 843:2:1
320	səɸ	tree	tree	3	524:4:0 539:3:0 763:4:0
321	kou	one	INDEF:one:CL	3	352:1:0 352:5:0 389:3:1
322	lu	China fir	China.fir	3	522:3:0 538:3:0 542:1:0
323	se	make(friends)	make(friends)	3	442:0:1 672:4:1 673:4:1
324	oqpi	one // family	one:family	3	10:2:0 14:5:0 532:9:0
325	qhaʴʁue	stone pile	stone.pile	3	569:3:0 571:1:0 573:1:0
326	le	give	give	3	525:0:2 527:0:2 607:6:1
327	ʁoi	call	call	3	574:5:0 575:4:0 596:2:0
328	themle	3pl	3pl	3	522:2:0 528:3:0 537:6:0
329	tshin	village	village	2	664:3:2 665:1:2
330	pɑnɑ	thing	thing	2	783:1:0 784:0:0
331	ɣlu	roll	roll	2	9:0:1 12:0:1
332	phə	blow(burn)	blow(burn)	2	911:4:0 915:5:0
333	quɑ	fight	fight	2	847:0:1 848:0:1
334	ə	one	one	2	14:7:0 737:1:0
335	miɑuʁdʐue	eye	eye	2	506:1:0 507:1:0
336	tʂhaq	market	market	2	46:1:0 74:1:0
337	sun	consider	consider	2	731:0:1 732:2:1
338	le	pack	pack	2	782:9:1 804:5:1
339	zəm	song	song	2	531:4:0 532:1:0
340	w	pile	pile	2	911:3:1 915:4:1
341	ləzzi	two	DEF:two:CL	2	964:11:0 986:3:0
342	phi	plant	plant	2	524:0:1 526:0:1
343	tɕə	find	find	2	287:5:1 341:3:1
344	qe	lift	lift	2	789:4:1 797:0:2
345	tuɑ	cut	cut	2	486:0:1 489:0:1
346	χɑn	kind	kind	2	528:1:2 535:2:2
347	zəp	earth	earth	2	1:0:0 3:1:0
348	ků	inside	inside	2	451:3:1 530:9:1
349	kue	take	take	2	174:0:1 174:2:1
350	χə	stop	stop	2	748:2:1 773:0:1
351	o	one	one	2	4:2:0 788:3:0
352	qəʑdʑi	prepare	prepare	2	924:3:0 925:0:0
353	zu	wait	wait	2	211:9:1 212:2:1
354	tɕɑ:	where	where:LOC	2	835:2:0 896:4:0
355	wutʂhu	help	help	2	900:0:0 983:0:0
356	g̥u̥ə	basketful	basketful	2	561:3:1 564:3:1
357	quɑq	fight	fight	2	733:1:1 734:0:1
358	bi	carry on back	carry.on.back	2	8:0:1 565:0:1
359	təp	tomorrow	tomorrow	2	230:1:0 904:2:0
360	pɑtʂ	ball	ball	2	30:13:0 31:2:0
361	tsou	this // one	this:one:CL	2	248:1:1 475:1:0
362	quaha	face	face	2	502:1:0 503:1:0
363	wi	high	high	2	525:2:1 538:5:1
364	ʐə	affair	affair	2	947:2:0 948:1:0
365	kɑ:	go	go:PRS	2	687:0:0 726:3:0
366	tse	see	see	2	492:2:0 534:0:0
367	stu	thousand	thousand	2	528:1:1 535:2:1
368	jitɕin	already)	†(already)	2	825:4:0 825:12:0
369	thən	time	time	2	798:1:1 799:1:1
370	s	finish	finish	2	849:5:1 850:0:1
371	se	sow	sow	2	539:0:1 540:0:1
372	gɑnphai	arrange	arrange	2	463:0:0 466:2:0
373	tsi	lift	lift	2	789:6:1 796:0:1
374	sə	day	day	2	613:1:1 615:1:1
375	tɕymi	child	child	2	155:0:0 475:2:0
376	bəl	make	make	2	676:2:1 832:4:1
377	lɑχ	one // kind	DEF:one:kind	2	80:2:0 629:2:0
378	tsi	daugher	daugher	2	551:2:0 554:1:0
379	qu	be afraid	be.afraid	2	457:0:1 458:0:2
380	phusuluq	clothing	clothing	2	604:1:1 605:1:1
381	ʁu	may	may	2	282:12:0 326:0:0
382	χoʂu	fit	fit	2	839:3:0 839:6:1
383	poquʂ	livestock	livestock	2	143:1:0 526:2:0
384	kaijuɑn	street edge	†street.edge	2	298:2:0 300:1:0
385	qəstɑ	not as good as	not.as.good.as	2	559:0:3 624:0:1
386	tin	set	set	2	181:0:1 181:1:1
387	ʂue	be hungry	be.hungry	2	282:9:1 327:0:1
388	ʐmə	name	name	2	346:4:0 695:2:0
389	tuetue	driping	driping	2	489:2:0 508:7:0
390	ʐɑ	thing	thing	2	214:1:0 214:6:0
391	ʂa	die // 1sg	die:1sg	2	775:0:2 777:0:1
392	mupithɑ	Mupitha	Mupitha	2	520:0:0 532:7:0
393	tɑtə	father	father	2	387:1:0 556:1:0
394	tʂekəʐənla	this person)	†(this.person)	2	208:10:0 331:9:0
395	quɑt	bushel	bushel	2	522:4:1 524:5:1
396	wa	very	very	2	32:5:1 542:0:2
397	sipe	medicine	medicine	2	853:8:0 854:1:0
398	ŋueʴ	1pl	COP:1pl	2	263:2:1 294:0:1
399	kɑ	one	one	2	66:2:1 66:4:1
400	dʑiq	floor	floor	2	514:3:0 514:5:0
401	ʁze	must	must	2	895:0:0 904:3:1
402	dzɑ	chase	chase	2	700:6:1 701:0:1
403	tʂi	represent	represent	2	96:2:1 171:7:1
404	mi	people	people	2	5:3:0 15:2:0
405	thə	there	there	2	708:5:1 832:3:1
406	ɕtɕi:miq	heart	heart	2	975:0:0 975:1:0
407	fɑntʂənʂə	anyway is)	†(anyway.is)	2	656:2:0 674:2:0
408	ɕpi	thirsty	thirsty	2	765:0:1 767:0:1
409	ataʐə	fast	fast	2	284:3:0 328:2:0
410	pian	change	change	2	631:2:1 826:0:1
411	ka:	one	INDEF:one:CL	2	62:0:1 333:1:1
412	jɑutɕhiu	demand	demand	2	899:6:0 908:4:0
413	qɑpɑ	old man	old.man	2	751:5:0 782:4:0
414	sɑ	sound	sound	2	577:2:0 577:5:0
415	i	time	time	2	765:1:1 806:4:1
416	ew	mother	mother	2	353:4:0 389:1:1
417	ɑ:ʴ	1pl	PRS:1pl	2	745:4:2 760:5:2
418	epə	father	father	2	847:6:1 849:2:1
419	tʂə	stab	stab	2	466:6:1 479:3:1
420	dʐu	guest	guest	2	956:3:0 958:1:0
421	tuŋtuŋ	cliff cave	cliff.cave	2	107:8:0 145:4:0
422	neʴwu	all	all	2	68:4:2 135:6:3
423	zət	date	date	2	132:1:0 133:1:0
424	tɕi	most	most	2	347:9:0 555:0:0
425	məq	top	top	2	927:2:1 929:1:1
426	tsu	meet	meet	2	705:4:1 706:0:1
427	le:	exist	exist	2	109:0:1 853:7:1
428	iɕtɕi	together	together	2	746:1:0 927:3:0
429	ʂpɑq	place	place	2	226:2:2 703:0:2
430	topu	like	like	2	32:5:0 33:2:0
431	qhuɑt	as it happens	as.it.happens	2	12:1:0 842:1:0
432	mɑutshɑ	toilet	toilet	2	202:1:0 204:2:0
433	tɕaʁa	cowpen	cowpen	2	90:4:0 90:8:0
434	ʐbotɕu	think	think	2	974:0:0 975:3:0
435	ʂəpɑn	stone slab	stone.slab	2	789:2:0 802:1:0
436	quq	move	move	2	194:4:1 226:3:1
437	ʐa	exist // 1sg	exist:1sg	2	376:0:1 387:0:1
438	the	able	able	2	96:0:1 172:3:1
439	ʁza	time	time	2	522:0:0 531:3:0
440	χqu	difficult	difficult	2	182:6:0 186:0:0
441	tutʂ	younger brother	younger.brother	2	756:1:1 874:0:1
442	χsu	jump	jump	2	795:0:1 795:1:1
443	kɑnthɑn	charcoal	charcoal	2	915:3:0 929:1:0
444	xʂə	be last	be.last	2	964:3:1 977:1:1
445	ʂe	count	count	2	218:7:1 252:0:1
446	tɕite	pound	pound	2	517:2:1 518:0:1
447	χlɑ	cross	cross	2	93:5:1 93:9:1
448	stuɑhɑ	food	food	2	333:2:0 615:7:0
449	wətshi	bird	bird	2	266:2:0 268:3:0
450	pie	pig	pig	2	587:1:0 587:3:0
451	ʂku	thief	thief	2	145:1:0 151:1:0
452	ɕtɕ	feed	feed	2	854:0:1 855:0:1
453	gi	short	short	2	539:5:1 541:1:1
454	ke	give	give	2	210:4:0 337:3:0
455	phuxʂu	wild animals	wild.animals	2	535:3:0 537:4:0
456	wəi	stay/live	stay/live	2	749:3:1 751:0:1
457	ʂp	explode	explode	2	495:0:1 495:2:1
458	l	give	give	2	523:0:1 552:0:2
459	jɑnkhui	stone mortar	stone.mortar	2	449:1:0 514:9:0
460	tʂetup	bump into	bump.into	2	10:0:1 13:0:1
461	sɑq	blood	blood	2	479:4:0 508:6:0
462	kən	very	very	2	28:2:0 451:4:0
463	ȵiantɕi	after	after	2	502:0:1 740:0:2
464	ɕi	small	small	2	283:4:0 284:2:0
465	tɕy	chicken	chicken	2	575:3:0 580:1:0
466	qətʂi	ride	ride	2	819:3:1 819:6:1
467	guo	1sg	1sg	2	210:5:0 337:4:0
468	lo	one	DEF:one	2	501:1:1 502:1:1
469	ɕtɕi	push	push	2	477:0:1 478:0:1
470	gəz	strangle(n )	strangle(n.)	2	627:2:0 627:4:0
471	khuoji	be possible)	†(be.possible)	2	231:0:0 233:0:0
472	sawu	oldr sistr	oldr.sistr	2	78:0:0 78:1:0
473	qhɑl	momo(steamed bread)	momo(steamed.bread)	2	561:2:0 564:2:0
474	ɣʐə	four	four	2	961:2:0 976:2:0
475	qaʴ	ought // 1pl	ought:1pl	2	736:0:1 737:0:1
476	ləʴ	come // 1pl	come:1pl	2	873:0:1 878:0:0
477	ʐo:puɑ	cave	cave	2	93:3:0 107:9:0
478	tshuɑq	peck	peck	2	505:2:0 505:3:0
479	χuəlɑ	wash	wash	2	502:2:0 503:2:0
480	xʂul	rope	rope	2	303:5:0 304:3:0
481	tʂhɑq	market	market	2	32:2:0 54:3:0
482	seʴ	make(friends) // 1pl	make(friends):1pl	2	673:0:1 673:2:1
483	tɕiu	home	home	2	45:0:0 950:1:0
484	ɕtɕiɕtɕɑq	magpie	magpie	2	385:1:0 494:2:0
485	tsisatʂů	sisters	sisters	2	20:1:0 21:1:0
486	ba	big	big	2	199:3:0 741:0:0
487	xʂu	recover	recover	2	634:4:1 636:2:1
488	zɑ	earth	earth	1	541:6:0
489	ʂəχəu	time/when)	time/when)	1	683:9:0
490	tin	agree on	agree.on	1	275:3:1
491	ʂpi	call	call	1	628:3:0
492	phɑntshə	traveling expenses	traveling.expenses	1	615:4:0
493	n?	2sg	2sg	1	633:2:2
494	lez	fate/destiny	fate/destiny	1	333:5:0
495	tʂhəqtʂhɑqtʂhəqtʂhɑq	(onomatopoeia)	(onomatopoeia)	1	495:1:0
496	wu	if	if	1	660:0:5
497	ku	base	base	1	472:2:2
498	le	bring	bring	1	986:6:1
499	ʔile	1pl	1pl	1	968:2:0
500	ʂpəthuʂ	bamboo tube	bamboo.tube	1	146:5:0
501	phinfanlɑ	redressed)	†(redressed)	1	947:0:0
502	ʂua:m	very long	very.long	1	565:3:0
503	bələ	make	make	1	674:5:0
504	ʐ	bring	bring	1	218:3:1
505	ʂ	release	release	1	891:0:1
506	ʂpəʴ	call // 1pl	call:1pl	1	26:0:0
507	tɕhi	drink	drink	1	778:0:1
508	pɑ:	buy	buy:PRS	1	838:2:0
509	tʂu	hold	hold	1	244:3:0
510	χɑusə	good thing	†good.thing	1	215:3:0
511	tʂə	close	close	1	606:0:1
512	juanʁuai	emperor	emperor	1	78:3:0
513	phuxʂu	wild creatures	wild.creatures	1	528:2:0
514	ɕtɕəɕtɕɑq	magpie	magpie	1	445:1:0
515	lɑw	one pile	DEF:one.pile	1	493:1:1
516	sɑn	three	three	1	338:0:0
517	ʐmitʂi	emperor	emperor	1	930:3:0
518	xkue	dig	dig	1	845:7:1
519	ʁdʐe	bite	bite	1	211:7:1
520	tsə	water(river)	water(river)	1	763:7:0
521	putu	front	front	1	915:2:0
522	dze	eat	eat	1	192:0:1
523	gantsə	saddle	saddle	1	838:1:0
524	tsəpɑu	inanimate treasure	inanimate.treasure	1	282:3:0
525	l	see	see	1	501:0:1
526	tʂekə	this	†(this	1	210:1:0
527	thontʂə	notify	†notify	1	921:2:0
528	quɑ	ʴght	ʴght	1	848:2:1
529	ʐo:pu	cave	cave	1	621:1:0
530	məʴʂ	story	story	1	19:2:0
531	quəqua	fight	fight	1	783:2:0
532	j	2pl	2pl	1	913:3:2
533	tʂhɑtʂ	vertically	vertically	1	219:2:1
534	dzu	sit	sit	1	351:0:0
535	ȵisues	nearly dead	nearly.dead	1	853:6:0
536	tʂɑutɑulɑ	found)	†(found)	1	177:2:0
537	x	cut	cut	1	542:2:1
538	jə	night	night	1	188:3:1
539	χlu	escape	escape	1	656:6:1
540	tshenʂə	dispute	dispute	1	893:1:0
541	ʁɑ	go	go	1	825:14:1
542	lɑupeɕin	ordinary citizens	†ordinary.citizens	1	933:2:0
543	tsuo	sit)	sit)	1	290:0:3
544	tshe	wrong	wrong	1	538:2:1
545	ʔileile	2plREFL	2plREFL	1	934:2:0
546	akha	slow	slow	1	950:0:0
547	men	gate	gate	1	834:2:1
548	ȵa	one	WH:one	1	251:0:0
549	lie	bring	bring	1	547:0:0
550	pefutsə	white beard	white.beard	1	210:2:0
551	si	allow	allow	1	112:7:1
552	jue	month	month	1	683:8:0
553	ʐeků	center	center	1	61:3:1
554	le	because	because	1	899:0:3
555	le:ʴwu	all	all	1	247:2:2
556	kənʂə	even more	†even.more	1	264:5:0
557	tɕiu	then	†(then	1	161:2:0
558	χtʂɑp	black	black	1	487:1:0
559	χupi	appearance	appearance	1	898:1:1
560	zuo	do	do	1	210:6:0
561	xʂə	last	last	1	986:1:1
562	kou	one	DEF:one:CL	1	401:2:0
563	ʐɑwɑ	stone	stone	1	781:3:0
564	ʂp	call	call	1	868:0:1
565	stumpətʂe120	relatives	relatives	1	678:0:0
566	kɑulɑ	higher)	higher)	1	160:3:2
567	ʂpɑʂpɑ	like/as	like/as	1	476:3:0
568	ŋuɑ121	1sg	VIS:1sg	1	729:3:1
569	tshənpe	smart	smart	1	683:2:0
570	ʂpɑqtɑ	pretend	pretend	1	632:9:0
571	χɬɑ	cross	cross	1	146:0:0
572	un	2sg	2sg	1	226:0:2
573	χsɑ	few	few	1	455:5:1
574	jɑ	1sg	CSM:1sg	1	624:1:2
575	ʐə	follow	follow	1	607:0:1
576	kuə	foot	foot	1	514:8:1
577	χaisə	still)	†(still)	1	264:2:0
578	tɕɑl	where	where:LOC	1	971:1:0
579	ʂpu	call	call	1	630:0:0
580	peʴʐə	raise(child)	raise(child)	1	5:4:0
581	luo	perhaps	perhaps	1	707:0:3
582	tʂhup	cure	cure	1	634:2:1
583	jəsai	fast	fast	1	153:0:0
584	titɑu	tunnel	†tunnel	1	845:6:0
585	ʁza	when	when	1	359:0:0
586	ʂəpan	stone slab	†stone.slab	1	781:3:1
587	tʂən	kill	kill	1	892:0:1
588	p	do	do	1	339:0:1
589	ʂqu	difficult	difficult	1	226:0:0
590	shenʐə	birthday	birthday	1	674:4:0
591	tu	if	if	1	84:0:1
592	tʂhe	support	support	1	303:11:1
593	ɣz	set out	set.out	1	718:2:1
594	m	forget	forget	1	347:0:1
595	se	make	make	1	441:5:1
596	ɕtɕeʴpɕtɕeʴp	(birdcall)	(birdcall)	1	309:3:0
597	duɑʁl	scythe	scythe	1	16:1:0
598	jya	1sg	ASP:1sg	1	657:0:2
599	phulu	expensive	expensive	1	266:4:0
600	tɑntɑ	bold/daring	†bold/daring	1	110:1:0
601	ɣzə	set out	set.out	1	656:0:1
602	kɑnthɑn	charcoal	†charcoal	1	911:1:0
603	hatʂi	eleven	eleven	1	866:2:0
604	hɑn	kinds	kinds	1	338:2:1
605	ɑpə	grandfather	grandfather	1	967:1:1
606	kuɑntsɑ	restaurant	restaurant	1	74:2:0
607	χsəʴwu	few // all	few:all	1	458:2:1
608	ȵutɕuku	each	each	1	7:1:0
609	kuȵɑtsə	close relatives	close.relatives	1	677:1:0
610	pɑufu	retaliation	retaliation	1	266:6:0
611	ʐo:pɑ	cave	cave	1	145:5:0
612	tʂhə	market	market	1	61:3:0
613	kən	very(many)	very(many)	1	596:3:0
614	ɣle	pl	pl	1	984:1:4
615	khueq	angry	angry	1	16:0:1
616	pefutsə	white beard(cat)	†white.beard(cat)	1	210:0:0
617	ɕtɕi	heart/mind	heart/mind	1	530:9:0
618	lɑmpə	flower	flower	1	545:3:0
619	ɕtɕi:	heart	heart	1	451:3:0
620	məʴ	cat	cat	1	210:3:0
621	qəs	form	form	1	760:4:1
622	ɑŋ̥u̥ə	together	together	1	855:6:0
623	ȵi:tsəi	WH kind	WH.kind	1	743:3:0
624	jə	stick	stick	1	305:0:1
625	suəsuɑ	divine(the future)	divine(the.future)	1	649:4:0
626	ʐa:	exist	exist:PRS	1	913:0:0
627	qheʴ	open	open	1	493:2:1
628	tɑntɑ	bold/daring	bold/daring	1	109:1:0
629	mo	grope for	grope.for	1	483:0:0
630	tɕiʁuɑ	house	house	1	542:3:0
631	ʂ	too	too	1	226:0:1
632	qə	top	top	1	303:4:0
633	zei	cry,	cry,	1	372:0:1
634	mɑ	mother	mother	1	388:1:0
635	q̥əti	kill	kill	1	939:0:1
636	skup	orangutan	orangutan	1	461:3:0
637	tshəntitɕhən	Chen Diqing	Chen.Diqing	1	649:0:0
638	i	one	one	1	683:10:0
639	ɣʐə	marry	marry	1	350:0:0
640	louqpi	one // family	DEF:one:family	1	684:4:0
641	xte	cut down	cut.down	1	543:2:1
642	tsə	here	here	1	178:1:1
643	pɑn	manage	manage	1	707:0:1
644	tʂhə	weigh	weigh	1	30:9:1
645	pɑqtɑ	LNK(after)	LNK(after)	1	657:5:2
646	gənkuo	parrot	parrot	1	266:1:0
647	dzi	eat	eat	1	191:0:1
648	ji	2pl	2pl	1	838:2:1
649	ɸu	tree	tree	1	4:1:1
650	xʂuɕtɕu	hear	hear	1	135:4:0
651	pɑ:	do	do:PRS	1	913:3:1
652	tɕile	2pl	2pl	1	460:1:0
653	dʑel	feast106	feast106	1	593:2:0
654	afəʴali	least amount)	†(least.amount)	1	676:12:0
655	kuɑn	manage	manage	1	676:7:0
656	χqa	among	among	1	304:5:0
657	meʴx	pitiful	pitiful	1	49:0:0
658	ʁza:	time	time	1	607:4:2
659	thou	that // one	that:one:CL	1	578:1:0
660	lu	give as gift	give.as.gift	1	562:0:1
661	phin	equal	equal	1	290:0:2
662	n122	2sg	2sg	1	809:11:2
663	tɕiutɕin	actually	†(actually	1	931:4:0
664	məqɑ	each	each	1	30:3:2
665	tɕəu	save	save	1	648:0:0
666	ʁɑtɕhi	really	really	1	763:1:0
667	tsəzzi	this // two	this:two:CL	1	964:6:0
668	khuɑi	fast	fast	1	126:2:1
669	khunpe	capable	capable	1	683:2:1
670	ɑpə	father(god)	father(god)	1	519:8:0
671	ʂə	put/place	put/place	1	930:0:0
672	ʐi?	exist	exist	1	144:2:0
673	tsəizzi	this // two	this:two:CL	1	991:5:1
674	ʐɑ	matter/affair	matter/affair	1	310:5:0
675	χʂə	tie	tie	1	303:7:1
676	tsəzzi	these people	these.people	1	888:2:0
677	jy	set out	set.out	1	971:0:1
678	tsəi	this // manner	this:manner	1	466:1:1
679	doqu	frighten	frighten	1	535:4:0
680	ɕtɕů	thought(n )	thought(n.)	1	861:2:0
681	pə	return	return	1	699:2:1
682	phu	forest	forest	1	537:2:0
683	thəpɑktɑ	as a result	as.a.result	1	535:0:0
684	ȵile	3plREFL	3plREFL	1	535:1:0
685	ta:	one	DEF:one:CL	1	146:5:1
686	sɑ	blood	blood	1	489:1:0
687	wɑʁ	drive ahead	drive.ahead	1	528:0:1
688	kəzzi	two	INDEF:two:CL	1	962:5:1
689	ʐɑ	1sg	CAUS:1sg	1	553:0:2
690	hotɕu	ten	ten	1	868:2:0
691	jə	live	live	1	409:0:1
692	xʂuɕtɕu	empty handed	empty.handed	1	623:2:0
693	mufů	smoke	smoke	1	17:2:0
694	tɑitɑulɑ	catch)	†(catch)	1	851:0:0
695	tshuə	sing	sing	1	532:0:1
696	tsu	stand up	stand.up	1	834:3:1
697	əzzi	a few	a.few	1	676:8:0
698	thəzzi	3dl	3dl	1	520:1:0
699	p	years	years	1	691:1:1
700	χsaʴwu	few // all	few:all	1	441:3:2
701	jankhui	stone mortar	stone.mortar	1	472:1:0
702	suəsuɑ	divine	divine	1	651:2:0
703	gi	low(short)	low(short)	1	523:3:1
704	χquatʂ	steal	steal	1	107:5:1
705	dzɑ	follow	follow	1	528:4:1
706	χqɑtsəimi	spring water	spring.water	1	767:2:0
707	sə	thing)	thing)	1	211:0:0
708	thə	that	that	1	282:13:1
709	lɑntɕi	flower	flower	1	589:3:0
710	tʂhu	reach out	reach.out	1	504:0:1
711	n	know	know	1	972:0:1
712	tsəusə	marry	marry	1	609:2:0
713	ʐbə	yak	yak	1	90:1:0
714	ʂətɕian	time	time	1	187:4:0
715	dʐi	discuss	discuss	1	7:0:1
716	ɬi	build	build	1	543:0:1
717	tsi	woman	woman	1	962:2:0
718	fu	flee	flee	1	536:0:1
719	que	cover	cover	1	781:4:1
720	titɑu	tunnel	tunnel	1	853:4:0
721	zuɑmə	cypress	cypress	1	4:1:0
722	iʂə	is)	†(is)	1	268:2:0
723	ʁoʁu	ram’s horn	ram’s.horn	1	545:2:0
724	ʂəʂe:ʴwu	exist // all	exist:REDUP:all	1	462:9:0
725	tɕiqə:ʴ	before	before	1	565:2:0
726	buzd	plank stair	plank.stair	1	514:8:0
727	ʂɑʂəu	assassin	†assassin	1	983:4:0
728	ɕ	month	month	1	683:10:2
729	tɕhɑnpi	shoot	†shoot	1	913:3:0
730	ge	hold	hold	1	605:0:1
731	p	buy	buy	1	90:3:1
732	lə	look	look	1	533:3:1
733	ʂəʔəʴsui	twelve years old)	†(twelve.years.old)	1	693:4:0
734	uɬu	fast	fast	1	130:1:0
735	ka:	go	go:PRS	1	835:3:0
736	tue	pair	pair	1	831:5:1
737	khe	hundred	hundred	1	526:3:1
738	ʂpaʂpa	same way	same.way	1	705:2:0
739	lɑχuilai	take back)	†(take.back)	1	676:14:0
740	tɕiəu	then	then	1	160:3:1
741	ʐoʁu	courtyard	courtyard	1	761:4:0
742	ɕtɕə	host/feed	host/feed	1	959:0:1
743	ʁa	go	go	1	521:3:1
744	lu	come(flow)	come(flow)	1	764:0:0
745	χaiʂəχuijələjitian	also recalled a little)	†(also.recalled.a.little)	1	861:0:0
746	ʂqə	below	below	1	657:4:0
747	qes	form	form	1	15:3:0
748	luq	seat	seat	1	343:1:1
749	qodu	old woman	old.woman	1	592:2:0
750	ȵiɑntɕi	together	together	1	462:10:0
751	wu	discuss	discuss	1	331:5:1
752	ʂpəq	place	place	1	194:3:2
753	ja	1sg	REP:1sg	1	111:0:2
754	tshɑ	village	village	1	672:7:0
755	ʂ	while	while	1	986:5:1
756	jə	stick/be caught	stick/be.caught	1	304:6:1
757	guχu	upper part	upper.part	1	807:2:1
758	xtɕu	burn	burn	1	5:1:2
759	tshən	Chen	Chen	1	761:1:0
760	ɑz	one	one:CL	1	283:3:0
761	leʴ	come // 1pl	come:1pl	1	837:0:0
762	tshuete	peck	peck	1	506:2:1
763	tsɑ	this	this	1	684:2:1
764	meʴχ	pitiful	pitiful	1	952:0:0
765	χsu	jump/dance	jump/dance	1	532:2:1
766	kənti	jointly	jointly	1	745:2:0
767	ȵike	thus	COM:thus	1	289:1:1
768	pi	hide	hide	1	5:0:1
769	se	burn	burn	1	919:0:1
770	ʐə	thing	thing	1	84:1:0
771	dza	eat // 1sg	eat:1sg	1	643:0:1
772	tɕ	stop	stop	1	833:0:1
773	ʁza	ought // 1sg	ought:1sg	1	623:0:1
774	qhuɑ:	river valley	river.valley	1	110:4:0
775	χɑu	good	good	1	210:7:0
776	ȵizzi	3dl	3dl	1	10:1:0
777	tɕi	few	few	1	683:6:0
778	tɕaitɕyelɑ	solved)	solved)	1	161:3:0
779	meʴʐe:ʴ	seek // 1pl	seek:1pl	1	745:0:0
780	phənjəu	friend	friend	1	672:3:0
781	dʑe	discuss	discuss	1	53:0:0
782	tsu	encouter	encouter	1	782:0:1
783	hani	twelve	twelve	1	693:5:0
784	ȵiχuɑ	why	why	1	632:5:0
785	tɕ	catty	catty	1	910:0:1
786	qe	reveal	reveal	1	842:4:1
787	dzin	monk’s robe113	monk’s.robe113	1	162:5:0
788	g	broken	broken	1	553:0:1
789	quɑ	overturn	overturn	1	981:0:1
790	wet	stick	stick	1	303:8:0
791	pɑnə	thing	thing	1	803:6:0
792	dʑe:ʴ	say // 1pl	say:1pl	1	71:4:1
793	stuɑhɑ	rice/food	rice/food	1	199:1:0
794	ququ	afraid	afraid	1	432:0:0
795	ʐguə	nine	nine	1	2:3:0
796	dʐə	face to face	face.to.face	1	46:13:1
797	ɣlə	pl	pl	1	900:0:4
798	dzeke	(onomatopoeia)	(onomatopoeia)	1	476:5:0
799	pitɕi	now	now	1	25:1:0
800	ȵi	2sg	†(2sg	1	337:2:0
801	qhuɑ	overturn	overturn	1	981:2:1
802	ʁů	throw	throw	1	853:5:1
803	lɑupeɕi	ordinary citizens	†ordinary.citizens	1	891:5:0
804	wutʂhu	helper	helper	1	984:1:0
805	ʁů	throw(away)	throw(away)	1	16:4:1
806	tɕhanpi	shoot	†shoot	1	924:0:0
807	pɑ:	become	become:PRS	1	357:4:2
808	xte	chop	chop	1	16:2:1
809	χtʂɑ	small	small	1	555:0:1
810	ɕtɕiɕtɕiɑq	magpie	magpie	1	384:3:0
811	meʴwu	all	NOM:all	1	242:2:1
812	ɣzəifɑ	wing	wing	1	303:3:0
813	məq	above	above	1	93:1:0
814	fusɑn	help up124	help.up124	1	990:4:0
815	sawu	older siser	older.siser	1	72:1:0
816	pɑ	do	do	1	459:0:1
817	dzə	big teeth	big.teeth	1	930:8:0
818	tɕiq	inside	inside	1	346:2:0
819	qeʴ	long ago	long.ago	1	611:2:0
820	χaiʂə	still is	†(still.is	1	683:4:0
821	ʂə	time	time	1	897:1:1
822	satʂu	younger sister	younger.sister	1	41:2:0
823	ʁɑ	if	if	1	604:0:4
824	tʂßhue	step on	step.on	1	513:0:1
825	χɬɑ:	cross	cross:PRS	1	152:2:1
826	steke	back	back	1	347:9:1
827	l	exist	exist	1	169:3:1
828	taipu	capture	†capture	1	940:0:0
829	ʐmə	meeting	meeting	1	450:1:0
830	thɑ	that	that	1	271:6:1
831	ʂue	set fire	set.fire	1	491:2:1
832	lɑpɑ:	flower	flower	1	206:1:1
833	si?	allow	allow	1	112:8:2
834	stu	alone	alone	1	367:5:1
835	ɦɑlɑ	that	that	1	896:0:0
836	fən	place	place	1	162:4:2
837	ɑpə	father	father	1	522:1:0
838	tuŋtuŋ	cave	cave	1	93:2:0
839	ʂəʂə:ʴwu	exist // all	exist:REDUP:all	1	449:2:0
840	sunʂə	loss	loss	1	933:8:0
841	mɑ:	Mama	Mama	1	30:2:0
842	ʐɑ:?	1pl	CAUS:PRS:1pl	1	743:4:1
843	ts̥əqɑ	catch	catch	1	852:0:1
844	q	head	head	1	8:1:1
845	jin	few	few	1	763:4:2
846	mudʑu	charcoal	charcoal	1	911:2:0
847	kə:	go	go	1	959:0:2
848	kɑntɕhi	club	club	1	785:0:0
849	kopu	root	root	1	346:0:0
850	phi	flow	flow	1	479:4:1
851	tʂhə	ground floor	ground.floor	1	514:7:0
852	ku	go	go:EMPH	1	715:0:2
853	quɑha	face	face	1	898:1:0
854	tuwɑ	older brother	older.brother	1	773:2:0
855	tɕhəntitɕhin	Chen Diqing	Chen.Diqing	1	828:11:0
856	ɸə	blow	blow	1	135:0:1
857	hodʑy	ten	ten	1	715:1:0
858	tɑulə	arrive	arrive	1	683:5:0
859	wətshəi	wild prickly ash	wild.prickly.ash	1	761:5:0
860	nə	good	good	1	452:0:1
861	kɑntɕi:	think/want	think/want	1	356:0:0
862	kɑpətttʂ	orphan	orphan	1	352:0:0
863	qu	mouthful	mouthful	1	788:3:1
864	ȵiȵi	3sgREFL	3sgREFL	1	146:6:0
865	ɕtɕiɕtɕaq	magpie	magpie	1	468:1:0
866	tʂhe107	suck	suck	1	610:4:0
867	jə	live/stay	live/stay	1	473:4:1
868	qəta:	beat to death	beat.to.death:PRS	1	461:0:0
869	mɑqɑ	each	each	1	615:1:2
870	ɑpə	god	god	1	532:6:0
871	qə	head	head	1	509:2:1
872	tʂi	man	man	1	27:3:3
873	ʂu	wash clean	wash.clean	1	832:1:1
874	qətia:	kill	kill:PRS	1	913:4:0
875	thoqpi	that // family	that:family	1	155:1:0
876	jopu	cliff	cliff	1	657:3:0
877	puȵi	cat	cat	1	206:0:0
878	jɑpəq	hand	hand	1	967:4:0
879	xu	exist	exist	1	284:0:0
880	tijikuojautɕhiu	first demand)	†(first.demand)	1	894:0:0
881	pəʴʐə	provide for	provide.for	1	160:15:0
882	japə	hand	hand	1	508:1:0
883	ʁza:	must	must	1	972:6:0
884	tʂhə	lack	lack	1	676:13:1
885	mə:ʴwu	all	NOM:all	1	130:2:1
886	ɕa	send // 1sg	send:1sg	1	597:0:1
887	ts̥əqɑ	capture	capture	1	941:0:1
888	ɕtɕɑq	heart	heart	1	480:5:0
889	ȵe	one	WH:one	1	251:2:0
890	kuɑntsə	restaurant	restaurant	1	61:4:0
891	χanχa:	crevice	crevice	1	571:2:0
892	ɣdu:	left over	left.over	1	962:3:1
893	ʁuɑχɑ	courtyard	courtyard	1	572:4:0
894	juɑnʁuɑi109	emperor	emperor	1	27:1:0
895	tʂhue	step on	step.on	1	514:0:1
896	gən	very	very	1	266:3:0
897	quə	top	top	1	905:10:1
898	pe	correct	correct	1	494:0:1
899	pethɑu	chat	chat	1	41:0:0
900	mi:	eye	eye	1	605:3:0
901	ʂpaqtɑ	pretend	pretend	1	46:3:0
902	tɕeʴwu	all	AMP119:all	1	662:4:1
903	qala	separate/divide/leave	separate/divide/leave	1	529:0:0
904	lɑ:	one	DEF:one:CL	1	238:2:1
905	tɕhəqhɑ	burn	burn	1	3:2:1
906	ɬɑ	slip	slip	1	514:1:1
907	phin	equal	†(equal	1	290:0:0
908	ʑdʑi?	sick	sick	1	632:8:1
909	mujuqů	sun	sun	1	2:2:0
910	we̊	exist	exist	1	508:4:1
911	ike	thus	thus	1	455:3:0
912	ʂpe:ʴ	call // 1pl	call:1pl	1	123:3:0
913	qe	turn over	turn.over	1	803:0:1
914	s116	make sound	make.sound	1	258:4:1
915	χan	kind	kind	1	526:3:2
916	tɕyɑ	see // 1sg	see:1sg	1	657:5:1
917	ja	1sg	CSM:1sg	1	455:2:2
918	minjy	reputation	†(reputation	1	160:3:0
919	l	able	able	1	663:5:1
920	qtʂi	ride	ride	1	844:6:1
921	suɑ	divine	divine	1	650:2:1
922	suɑ	divine(v )	divine(v.)	1	238:0:1
923	ku	go	go	1	178:0:2
924	thɑn	trip	trip	1	795:2:1
925	lɑn	laxy	laxy	1	54:11:0
926	tɕi	find	find	1	289:0:1
927	ʂkupu	a kind of thing	a.kind.of.thing	1	607:5:0
928	ləʴ	come // 1p	come:1p	1	876:0:0
929	qə:ʴ	before	before	1	628:4:0
930	ʂkupɑ	disaster	disaster	1	325:0:0
931	qhəʴqhəʴ	open	open	1	491:0:0
932	ən	2sg	2sg	1	216:0:2
933	tutʂu	little brother	little.brother	1	790:5:1
934	ʐmu	meeeting	meeeting	1	142:7:0
935	qeʴlotʂu	in the past	in.the.past	1	2:0:0
936	səɸů	tree	tree	1	753:2:0
937	bɑ	flat area on side of hill	flat.area.on.side.of.hill	1	723:1:0
938	tɕ	GEN(goal)	GEN(goal)	1	648:0:2
939	tʂequɑ	remember	remember	1	538:1:1
940	thɑuluɑn	discuss	†discuss	1	943:3:0
941	ʁo	city	city	1	834:2:0
942	g	break	break	1	559:0:1
943	mə	hear	hear	1	283:9:1
944	gul	friend	friend	1	382:1:1
945	tɕi	house(temple)	house(temple)	1	749:2:1
946	ɕtɕi	seven	seven	1	218:6:0
947	ʂə	count	count	1	317:0:1
948	xtʂəpɑ:	get dark	get.dark:PRS	1	431:1:1
949	ʔizzi	2dl	2dl	1	521:1:0
950	tɕh	drink	drink	1	774:2:1
951	tɕhi	stand	stand	1	290:0:1
952	pəʴ	buy // 1pl	buy:1pl	1	840:0:1
953	xtʂə	get dark	get.dark	1	357:4:1
954	tʂentʂen	really	†really	1	287:1:0
955	jyɑ	1sg	ASP:1sg	1	663:5:2
956	tɕə	3pl	3pl	1	733:1:2
957	qeʴ	before	before	1	476:2:0
958	sɑ115	make sound	make.sound	1	214:2:1
959	zə	land	land	1	543:3:0
960	zə	eat	eat	1	813:0:1
961	jɑn	kind)	kind)	1	338:0:1
962	phi	grow	grow	1	302:2:1
963	ʂqəl	below	below	1	621:2:0
964	ʁəʴ	Han person	Han.person	1	298:1:0
965	nɑ	good	good	1	531:0:1
966	ʑdʑy	put	put	1	208:5:1
